division,logic,result,cpu_time,wallclock_time,nb,solver
Bitvec,BV,sat,14117.726163,3625.9805335,244,24166
Bitvec,BV,starexec-unknown,318048.93,91206.61,76,24166
Bitvec,BV,unsat,21204.074934,5557.7963216,650,24166
QF_LinearIntArith,QF_IDL,sat,108458.763931,27479.5473152,649,24166
QF_LinearIntArith,QF_IDL,starexec-unknown,783449.5599999999,198015.94999999998,165,24166
QF_LinearIntArith,QF_IDL,unsat,111308.712084,28158.648668,390,24166
QF_LinearIntArith,QF_LIA,sat,57536.025486,19461.1067401,3948,24166
QF_LinearIntArith,QF_LIA,starexec-unknown,229585.73,76572.72899999999,71,24166
QF_LinearIntArith,QF_LIA,unsat,15024.697705999999,5199.7908056,2200,24166
QF_LinearIntArith,QF_LIRA,sat,0.006384,0.298171,1,24166
QF_LinearIntArith,QF_LIRA,unsat,232.47956899999997,117.2571439,6,24166
QF_NonLinearIntArith,QF_NIA,sat,680229.725394,198091.7576626,6488,24166
QF_NonLinearIntArith,QF_NIA,starexec-unknown,11195066.47,3174606.48,2662,24166
QF_NonLinearIntArith,QF_NIA,unsat,172761.074386,52098.3841954,3079,24166
QF_NonLinearRealArith,QF_NRA,sat,69683.539087,25246.7672611,1310,24166
QF_NonLinearRealArith,QF_NRA,starexec-unknown,663885.54,247457.6996,258,24166
QF_NonLinearRealArith,QF_NRA,unsat,32833.449974,11744.0535267,1340,24166
Equality,UF,sat,188521.317061,191454.002221,397,28869
Equality,UF,starexec-unknown,2035833.04,2047283.5699999998,1706,28869
Equality,UF,unsat,31172.064572,31469.6124099,754,28869
Equality,UFDT,sat,56329.316274,58597.410874,124,28869
Equality,UFDT,starexec-unknown,1208777.39,1219254.31,1016,28869
Equality,UFDT,unsat,18167.929275,18480.2351981,410,28869
Equality+LinearArith,ALIA,starexec-unknown,0.303819,0.300433,1,28869
Equality+LinearArith,ALIA,unsat,2.59743,2.5924369,18,28869
Equality+LinearArith,AUFDTLIA,sat,22884.436416,23194.1774907,93,28869
Equality+LinearArith,AUFDTLIA,starexec-unknown,7733.26,8400.34,7,28869
Equality+LinearArith,AUFDTLIA,unsat,422.456481,425.1239727,88,28869
Equality+LinearArith,AUFDTLIRA,starexec-unknown,57768.39934,57778.0932195,557,28869
Equality+LinearArith,AUFDTLIRA,unsat,1303.873478,1302.2828259,3628,28869
Equality+LinearArith,AUFLIA,sat,8913.251904,8929.6077708,119,28869
Equality+LinearArith,AUFLIA,starexec-unknown,297170.40576,304976.10547,282,28869
Equality+LinearArith,AUFLIA,unsat,13555.239713,13989.8092409,1237,28869
Equality+LinearArith,AUFLIRA,starexec-unknown,144472.182,145336.245,122,28869
Equality+LinearArith,AUFLIRA,unsat,4236.797546,4294.3144465000005,1561,28869
Equality+LinearArith,UFDTLIA,starexec-unknown,97217.47,98404.04,82,28869
Equality+LinearArith,UFDTLIA,unsat,52868.12927,54039.4757816,195,28869
Equality+LinearArith,UFDTLIRA,sat,1.245227,1.2562265,64,28869
Equality+LinearArith,UFDTLIRA,starexec-unknown,8432.458023,8435.0070856,895,28869
Equality+LinearArith,UFDTLIRA,unsat,133.374895,133.0800452,2170,28869
Equality+LinearArith,UFIDL,sat,486.795,533.252,1,28869
Equality+LinearArith,UFIDL,starexec-unknown,9584.718353,9601.049023,10,28869
Equality+LinearArith,UFIDL,unsat,1.513216,1.5112197,9,28869
Equality+LinearArith,UFLIA,sat,480.548,480.794,1,28869
Equality+LinearArith,UFLIA,starexec-unknown,1443299.928802,1458839.48808,1233,28869
Equality+LinearArith,UFLIA,unsat,41820.132137,42334.1676211,1614,28869
Equality+LinearArith,UFLRA,sat,570.701,571.093,1,28869
Equality+LinearArith,UFLRA,starexec-unknown,4828.35,4800.2699999999995,4,28869
Equality+LinearArith,UFLRA,unsat,0.034784999999999996,0.0341431,2,28869
Equality+NonLinearArith,AUFDTNIRA,starexec-unknown,45599.406231,45613.8204787,163,28869
Equality+NonLinearArith,AUFDTNIRA,unsat,548.426468,548.3786225,599,28869
Equality+NonLinearArith,AUFNIA,starexec-unknown,3595.1400000000003,3600.05,3,28869
Equality+NonLinearArith,AUFNIRA,sat,486.685,556.129,1,28869
Equality+NonLinearArith,AUFNIRA,starexec-unknown,286539.023913,290777.166996,244,28869
Equality+NonLinearArith,AUFNIRA,unsat,5034.686938,5150.3539781,55,28869
Equality+NonLinearArith,UFDTNIA,unsat,7.40108,7.40123,1,28869
Equality+NonLinearArith,UFDTNIRA,starexec-unknown,26403.888699,26409.572249899997,184,28869
Equality+NonLinearArith,UFDTNIRA,unsat,189.71663,189.6538283,1965,28869
Equality+NonLinearArith,UFNIA,sat,22182.712989,22482.6247623,691,28869
Equality+NonLinearArith,UFNIA,starexec-unknown,3229550.104468,3326221.146197,2844,28869
Equality+NonLinearArith,UFNIA,unsat,106840.380896,111704.4530853,2743,28869
QF_Equality+NonLinearArith,QF_ANIA,sat,2164.459993,2164.7309755,64,28869
QF_Equality+NonLinearArith,QF_ANIA,starexec-unknown,31195.62,31200.86,26,28869
QF_Equality+NonLinearArith,QF_ANIA,unsat,791.086811,791.233512,12,28869
QF_Equality+NonLinearArith,QF_AUFNIA,sat,3.080624,3.080368,2,28869
QF_Equality+NonLinearArith,QF_AUFNIA,unsat,19.0827,19.08191,7,28869
QF_Equality+NonLinearArith,QF_UFNIA,sat,50.069821000000005,50.05085040000001,162,28869
QF_Equality+NonLinearArith,QF_UFNIA,starexec-unknown,3606.376537,3606.5741779,23,28869
QF_Equality+NonLinearArith,QF_UFNIA,unsat,6.54551,6.534257,64,28869
QF_Equality+NonLinearArith,QF_UFNRA,sat,1597.229576,1597.716667,13,28869
QF_Equality+NonLinearArith,QF_UFNRA,starexec-unknown,14397.99,14400.64,12,28869
QF_Equality+NonLinearArith,QF_UFNRA,unsat,9.85653,6.61636,2,28869
QF_Strings,QF_S,sat,3984.795337,4021.8016575,371,28869
QF_Strings,QF_S,starexec-unknown,2399.34,2400.12,2,28869
QF_Strings,QF_S,unsat,14.799451000000001,15.5204762,172,28869
QF_Strings,QF_SLIA,sat,109260.217804,114360.8808023,10496,28869
QF_Strings,QF_SLIA,starexec-unknown,395134.57,409227.13,341,28869
QF_Strings,QF_SLIA,unsat,32718.270691,33447.9095044,4306,28869
QF_Equality+Bitvec,QF_ABV,sat,6272.501373,6277.68627818,1147,28874
QF_Equality+Bitvec,QF_ABV,starexec-unknown,31197.59,31201.1,26,28874
QF_Equality+Bitvec,QF_ABV,unsat,7216.65887,7220.007193,657,28874
QF_Equality+Bitvec,QF_AUFBV,sat,575.142501,575.3219991,10,28874
QF_Equality+Bitvec,QF_AUFBV,starexec-unknown,4798.997527,4800.4214654,20,28874
QF_Equality+Bitvec,QF_AUFBV,unsat,40.960958000000005,40.972114,8,28874
QF_Equality+Bitvec,QF_UFBV,sat,2085.828067,2086.2993479,160,28874
QF_Equality+Bitvec,QF_UFBV,starexec-unknown,7198.856743,7200.5326349,14,28874
QF_Equality+Bitvec,QF_UFBV,unsat,7038.856767,7038.6916879,126,28874
QF_Bitvec,QF_BV,sat,78971.271066,78812.5203753,3065,29387
QF_Bitvec,QF_BV,starexec-unknown,241172.55,241209.61,201,29387
QF_Bitvec,QF_BV,unsat,81811.488538,81624.8309958,5198,29387
Equality+MachineArith,ABV,sat,13.471053000000001,13.515127,11,33471
Equality+MachineArith,ABV,starexec-unknown,98010.125,120728.646,135,33471
Equality+MachineArith,ABV,unsat,279.418068,280.816919,23,33471
Equality+MachineArith,ABVFP,sat,3.6317120000000003,3.6403283,15,33471
Equality+MachineArith,ABVFP,starexec-unknown,15562.95,15600.759999999998,13,33471
Equality+MachineArith,ABVFP,unsat,0.370383,0.37099400000000005,2,33471
Equality+MachineArith,ABVFPLRA,sat,301.812681,301.8975112,18,33471
Equality+MachineArith,ABVFPLRA,starexec-unknown,54450.398622,54509.2453569,53,33471
Equality+MachineArith,ABVFPLRA,unsat,34.499967,34.5017539,4,33471
Equality+MachineArith,AUFBV,sat,537.38178,522.40689,5,33471
Equality+MachineArith,AUFBV,starexec-unknown,327470.44688,656151.85596,591,33471
Equality+MachineArith,AUFBV,unsat,12425.303270999999,13079.3408268,165,33471
Equality+MachineArith,AUFBVDTLIA,sat,28242.569331,29606.480544,157,33471
Equality+MachineArith,AUFBVDTLIA,starexec-unknown,234682.247,518065.9934,454,33471
Equality+MachineArith,AUFBVDTLIA,unsat,12669.130214,12876.8472274,131,33471
Equality+MachineArith,AUFBVDTNIA,starexec-unknown,3599.78329,3600.2022242,5,33471
Equality+MachineArith,AUFBVDTNIA,unsat,0.169871,0.1681591,3,33471
Equality+MachineArith,AUFBVFP,starexec-unknown,18127.0504,45092.8733,40,33471
Equality+MachineArith,AUFBVFP,unsat,1440.023158,1762.7251820000001,17,33471
Equality+MachineArith,UFBV,sat,210.93939999999998,210.9801,3,33471
Equality+MachineArith,UFBV,starexec-unknown,46033.219,53061.505,63,33471
Equality+MachineArith,UFBV,unsat,2778.470684,2788.3060688,77,33471
Equality+MachineArith,UFBVFP,starexec-unknown,16.0526,16.053,1,33471
Equality+MachineArith,UFBVFP,unsat,0.2089,0.20838,1,33471
Equality+MachineArith,UFBVLIA,starexec-unknown,83900.2075,247211.43,206,33471
Equality+MachineArith,UFBVLIA,unsat,11.80861,11.80934,2,33471
Equality+MachineArith,UFFPDTNIRA,sat,973.212446,984.6943568999999,40,33471
Equality+MachineArith,UFFPDTNIRA,starexec-unknown,13154.96348,25216.94442,36,33471
Equality+MachineArith,UFFPDTNIRA,unsat,2517.045748,2565.5295999,320,33471
FPArith,BVFP,sat,930.154149,934.0766932,121,33471
FPArith,BVFP,starexec-unknown,91183.363,92403.93,77,33471
FPArith,BVFP,unsat,681.18773,681.567294,7,33471
FPArith,BVFPLRA,sat,47.505493,47.4741446,95,33471
FPArith,BVFPLRA,starexec-unknown,83999.798558,84014.86136899999,105,33471
FPArith,BVFPLRA,unsat,26.29617,26.296041,9,33471
FPArith,FP,sat,23000.279653,23048.677678,100,33471
FPArith,FP,starexec-unknown,157196.764,170408.03,142,33471
FPArith,FP,unsat,22656.162907,23030.8916323,1092,33471
FPArith,FPLRA,sat,221.957067,221.9688818,35,33471
FPArith,FPLRA,starexec-unknown,41998.582681,42004.471865,37,33471
FPArith,FPLRA,unsat,26.042222,26.048478,15,33471
QF_FPArith,QF_ABVFP,sat,486.481155,472.3061802,102,33471
QF_FPArith,QF_ABVFP,starexec-unknown,8398.79,8400.42,7,33471
QF_FPArith,QF_ABVFP,unsat,10447.924675,10360.048697,491,33471
QF_FPArith,QF_ABVFPLRA,sat,157.80691,157.822679,20,33471
QF_FPArith,QF_ABVFPLRA,unsat,253.828256,253.856304,5,33471
QF_FPArith,QF_AUFBVFP,sat,6.67347,6.67301,1,33471
QF_FPArith,QF_BVFP,sat,543.552042,538.969374,195,33471
QF_FPArith,QF_BVFP,starexec-unknown,2398.61,2400.04,2,33471
QF_FPArith,QF_BVFP,unsat,2724.445931,2713.9931338,268,33471
QF_FPArith,QF_BVFPLRA,sat,346.9041,346.9207418,35,33471
QF_FPArith,QF_BVFPLRA,starexec-unknown,9599.4,9600.52,8,33471
QF_FPArith,QF_BVFPLRA,unsat,5396.073462,5396.7858479,26,33471
QF_FPArith,QF_FP,sat,7403.002215,7379.2790389,144,33471
QF_FPArith,QF_FP,starexec-unknown,62391.89,62402.68,52,33471
QF_FPArith,QF_FP,unsat,12334.434658,12331.703451,89,33471
QF_FPArith,QF_FPLRA,sat,1305.218256,1305.4063683,45,33471
QF_FPArith,QF_FPLRA,starexec-unknown,9598.94,9600.39,8,33471
QF_FPArith,QF_FPLRA,unsat,40.93075,40.96671,2,33471
QF_Equality+LinearArith,QF_ALIA,sat,467.54604,171.431469,54,33478
QF_Equality+LinearArith,QF_ALIA,unsat,665.079372,444.484331,62,33478
QF_Equality+LinearArith,QF_AUFLIA,sat,242.295971,122.9703,262,33478
QF_Equality+LinearArith,QF_AUFLIA,unsat,694.160042,273.422463,277,33478
QF_Equality+LinearArith,QF_UFDTLIRA,starexec-unknown,3.984099,2.875522,9,33478
QF_Equality+LinearArith,QF_UFIDL,sat,5451.83724,4775.134019,83,33478
QF_Equality+LinearArith,QF_UFIDL,starexec-unknown,57788.39,51602.39,43,33478
QF_Equality+LinearArith,QF_UFIDL,unsat,23769.842239999998,19022.407426,174,33478
QF_Equality+LinearArith,QF_UFLIA,sat,2078.823061,1342.4971699999999,238,33478
QF_Equality+LinearArith,QF_UFLIA,starexec-unknown,137.867,115.768,1,33478
QF_Equality+LinearArith,QF_UFLIA,unsat,555.734972,360.275486,61,33478
QF_Equality+LinearArith,QF_UFLRA,sat,5111.08068,3370.421781,318,33478
QF_Equality+LinearArith,QF_UFLRA,starexec-unknown,4602.37,3600.09,3,33478
QF_Equality+LinearArith,QF_UFLRA,unsat,1647.5640899999999,768.437812,220,33478
QF_LinearRealArith,QF_LRA,sat,11165.767825,11126.8055879,324,33487
QF_LinearRealArith,QF_LRA,starexec-unknown,49194.44,49202.06,41,33487
QF_LinearRealArith,QF_LRA,unsat,15702.532658,15691.5168055,213,33487
QF_LinearRealArith,QF_RDL,sat,725.28249,750.753645,105,33487
QF_LinearRealArith,QF_RDL,starexec-unknown,39141.532,40801.74,34,33487
QF_LinearRealArith,QF_RDL,unsat,2011.356902,2070.6565034,108,33487
Arith,LIA,sat,5.456987,5.4771457,137,33748
Arith,LIA,starexec-unknown,9599.0,9600.35,8,33748
Arith,LIA,unsat,4.159834,4.1848904,155,33748
Arith,LRA,sat,7556.303026,7557.0622071,387,33748
Arith,LRA,starexec-unknown,65996.26,66002.43,55,33748
Arith,LRA,unsat,33512.166513,33506.2398744,561,33748
Arith,NIA,sat,32.307527,32.3172622,54,33748
Arith,NIA,starexec-unknown,48873.376489,48881.451319,121,33748
Arith,NIA,unsat,21.098443,21.1083381,33,33748
Arith,NRA,sat,0.06535099999999999,0.0656191,3,33748
Arith,NRA,starexec-unknown,4688.445,4689.362,5,33748
Arith,NRA,unsat,315.557494,315.63068680000003,91,33748
QF_Datatypes,QF_DT,sat,23702.1715,23703.9666,40,33748
QF_Datatypes,QF_DT,starexec-unknown,116391.22,116404.86,97,33748
QF_Datatypes,QF_DT,unsat,32788.46483,32791.81104,64,33748
QF_Datatypes,QF_UFDT,sat,4477.1939,4477.6472,7,33748
QF_Datatypes,QF_UFDT,starexec-unknown,118794.01,118804.4,99,33748
QF_Datatypes,QF_UFDT,unsat,35631.2661,35633.7565,94,33748
QF_Equality,QF_AX,sat,5.36749,5.3764096,131,33748
QF_Equality,QF_AX,unsat,21.736224,18.507113399999998,169,33748
QF_Equality,QF_UF,sat,223.066867,223.3592416,1429,33748
QF_Equality,QF_UF,starexec-unknown,2399.91,2400.13,2,33748
QF_Equality,QF_UF,unsat,5464.452787,5424.2412159000005,2062,33748
Bitvec,BV,sat,7157.808608,7156.5337751,207,39124
Bitvec,BV,starexec-unknown,236405.062269,236438.8051237,211,39124
Bitvec,BV,unsat,8413.814616,8396.1942411,552,39124
Equality+MachineArith,ABV,starexec-unknown,0.769265,2.49069948,169,39124
Equality+MachineArith,ABVFP,starexec-unknown,0.133602,0.3655756,30,39124
Equality+MachineArith,ABVFPLRA,starexec-unknown,0.329969,0.9182689,75,39124
Equality+MachineArith,AUFBV,sat,1394.050042,1394.154625,4,39124
Equality+MachineArith,AUFBV,starexec-unknown,544713.66,544822.13,454,39124
Equality+MachineArith,AUFBV,unsat,18754.917410000002,18758.3852566,303,39124
Equality+MachineArith,AUFBVFP,starexec-unknown,41992.46,42001.759999999995,35,39124
Equality+MachineArith,AUFBVFP,unsat,2426.505726,2427.29073,22,39124
Equality+MachineArith,UFBV,sat,39.52952,39.536922000000004,17,39124
Equality+MachineArith,UFBV,starexec-unknown,58794.5,58802.46,49,39124
Equality+MachineArith,UFBV,unsat,1601.7920660000002,1602.0066599,77,39124
Equality+MachineArith,UFBVFP,starexec-unknown,1199.96,1200.02,1,39124
Equality+MachineArith,UFBVFP,unsat,0.924814,0.924851,1,39124
FPArith,BVFP,sat,104.224562,64.949301,134,39124
FPArith,BVFP,starexec-unknown,67192.389266,67202.729324,57,39124
FPArith,BVFP,unsat,897.178549,897.4535461,14,39124
FPArith,BVFPLRA,sat,415.398874,415.56672870000006,132,39124
FPArith,BVFPLRA,starexec-unknown,80395.576254,80403.75629589999,68,39124
FPArith,BVFPLRA,unsat,2.671742,2.6784899,9,39124
FPArith,FP,sat,19086.120526,19083.353725,122,39124
FPArith,FP,starexec-unknown,68387.82,68402.7,61,39124
FPArith,FP,unsat,12138.077951,12086.2001729,1151,39124
FPArith,FPLRA,sat,2968.6019189999997,2969.0662782,43,39124
FPArith,FPLRA,starexec-unknown,34796.07,34800.96,29,39124
FPArith,FPLRA,unsat,1.6444480000000001,1.6477611,15,39124
QF_Bitvec,QF_BV,sat,77430.94741,77255.2958152,3063,39124
QF_Bitvec,QF_BV,starexec-unknown,248371.59,248408.93,207,39124
QF_Bitvec,QF_BV,unsat,81112.793592,80983.2063511,5194,39124
QF_Equality+Bitvec,QF_ABV,sat,5746.768611,5738.72225393,1147,39124
QF_Equality+Bitvec,QF_ABV,starexec-unknown,31196.68,31201.14,26,39124
QF_Equality+Bitvec,QF_ABV,unsat,6437.860805,6438.45782521,657,39124
QF_Equality+Bitvec,QF_AUFBV,sat,1237.01219,1237.4175031,10,39124
QF_Equality+Bitvec,QF_AUFBV,starexec-unknown,4798.628213,4800.5442353,19,39124
QF_Equality+Bitvec,QF_AUFBV,unsat,40.596206,40.6233831,9,39124
QF_Equality+Bitvec,QF_UFBV,sat,1776.727159,1771.9906649,160,39124
QF_Equality+Bitvec,QF_UFBV,starexec-unknown,8398.72,8400.31,7,39124
QF_Equality+Bitvec,QF_UFBV,unsat,7817.1577959999995,7818.3622319,133,39124
QF_FPArith,QF_ABVFP,sat,146.166768,146.2438123,104,39124
QF_FPArith,QF_ABVFP,unsat,2005.573059,1985.5307438999998,496,39124
QF_FPArith,QF_ABVFPLRA,sat,2.233035,2.2357810000000002,9,39124
QF_FPArith,QF_ABVFPLRA,starexec-unknown,0.076611,0.2054919,16,39124
QF_FPArith,QF_AUFBVFP,sat,0.335526,0.335611,1,39124
QF_FPArith,QF_BVFP,sat,205.256486,205.3414408,195,39124
QF_FPArith,QF_BVFP,unsat,2440.395873,2428.4627496,270,39124
QF_FPArith,QF_BVFPLRA,sat,407.571574,403.8255732,36,39124
QF_FPArith,QF_BVFPLRA,starexec-unknown,8398.66,8400.279999999999,7,39124
QF_FPArith,QF_BVFPLRA,unsat,2008.692571,2008.971451,26,39124
QF_FPArith,QF_FP,sat,6996.792426,6995.1547998,153,39124
QF_FPArith,QF_FP,starexec-unknown,43196.1,43201.82,36,39124
QF_FPArith,QF_FP,unsat,11939.242702,11941.1858777,96,39124
QF_FPArith,QF_FPLRA,sat,1878.3784280000002,1878.6663371000002,51,39124
QF_FPArith,QF_FPLRA,starexec-unknown,2399.83,2400.09,2,39124
QF_FPArith,QF_FPLRA,unsat,579.923141,580.023195,2,39124
Arith,LIA,sat,60.414275,60.3826502,137,39125
Arith,LIA,unsat,17.903944,17.8298564,163,39125
Arith,LRA,sat,4540.166183,4522.4137206,344,39125
Arith,LRA,starexec-unknown,202730.13,202808.15,169,39125
Arith,LRA,unsat,16656.651293,16670.0888844,490,39125
Arith,NIA,sat,1744.306425,1747.2030353,68,39125
Arith,NIA,starexec-unknown,21577.99,21601.02,18,39125
Arith,NIA,unsat,1898.1623359999999,1912.6470614,122,39125
Arith,NRA,sat,301.413116,301.65582209999997,3,39125
Arith,NRA,starexec-unknown,15873.82,15600.539999999999,13,39125
Arith,NRA,unsat,370.212909,370.2187272,83,39125
Bitvec,BV,sat,17730.488644,18274.3161207,231,39125
Bitvec,BV,starexec-unknown,133794.321,139204.77,116,39125
Bitvec,BV,unsat,7853.303535,8001.1192367,623,39125
Equality,UF,sat,194218.903082,197599.909421,392,39125
Equality,UF,starexec-unknown,2018571.55,2034087.69,1695,39125
Equality,UF,unsat,27980.125003,28156.4392438,770,39125
Equality,UFDT,sat,58021.81869,59756.303261,122,39125
Equality,UFDT,starexec-unknown,1214764.87,1227652.69,1023,39125
Equality,UFDT,unsat,18502.579587,18788.1182936,405,39125
Equality+LinearArith,ALIA,starexec-unknown,0.919971,0.919157,1,39125
Equality+LinearArith,ALIA,unsat,4.9550849999999995,4.9491768,18,39125
Equality+LinearArith,AUFDTLIA,sat,23242.337513,23619.561335,93,39125
Equality+LinearArith,AUFDTLIA,starexec-unknown,7607.11,8400.4,7,39125
Equality+LinearArith,AUFDTLIA,unsat,184.074502,184.0786129,88,39125
Equality+LinearArith,AUFDTLIRA,starexec-unknown,633307.78,636025.1799999999,530,39125
Equality+LinearArith,AUFDTLIRA,unsat,6594.260423,6643.1471335,3655,39125
Equality+LinearArith,AUFLIA,sat,10379.464501,10493.40461,122,39125
Equality+LinearArith,AUFLIA,starexec-unknown,298232.305315,304659.863976,279,39125
Equality+LinearArith,AUFLIA,unsat,13249.300133,13587.6240027,1237,39125
Equality+LinearArith,AUFLIRA,starexec-unknown,141250.5161,141734.36479999998,120,39125
Equality+LinearArith,AUFLIRA,unsat,5973.742685,6023.7279069,1563,39125
Equality+LinearArith,UFDTLIA,starexec-unknown,100466.58,102004.37999999999,85,39125
Equality+LinearArith,UFDTLIA,unsat,56680.897809,58359.1424818,192,39125
Equality+LinearArith,UFDTLIRA,sat,854.227632,861.3570767,540,39125
Equality+LinearArith,UFDTLIRA,starexec-unknown,218231.197292,219500.473989,416,39125
Equality+LinearArith,UFDTLIRA,unsat,1726.013637,1781.0892004,2173,39125
Equality+LinearArith,UFIDL,sat,516.634,589.276,1,39125
Equality+LinearArith,UFIDL,starexec-unknown,9546.045393,9601.077244,10,39125
Equality+LinearArith,UFIDL,unsat,1.77349,1.7695408000000001,9,39125
Equality+LinearArith,UFLIA,sat,510.59,510.99,1,39125
Equality+LinearArith,UFLIA,starexec-unknown,1421696.843623,1435897.648163,1213,39125
Equality+LinearArith,UFLIA,unsat,42379.609138,42714.4222706,1634,39125
Equality+LinearArith,UFLRA,starexec-unknown,5810.51,5819.389999999999,5,39125
Equality+LinearArith,UFLRA,unsat,0.045793,0.0445798,2,39125
Equality+MachineArith,ABV,sat,530.968007,539.7722951999999,11,39125
Equality+MachineArith,ABV,starexec-unknown,107721.0993,109972.3915,135,39125
Equality+MachineArith,ABV,unsat,431.12323200000003,441.31301890000003,23,39125
Equality+MachineArith,ABVFP,sat,608.0317620000001,640.1568036,17,39125
Equality+MachineArith,ABVFP,starexec-unknown,14390.55,14400.81,12,39125
Equality+MachineArith,ABVFP,unsat,0.079814,0.079282,1,39125
Equality+MachineArith,ABVFPLRA,sat,4277.90827,4291.6768253,32,39125
Equality+MachineArith,ABVFPLRA,starexec-unknown,46757.5,46802.659999999996,39,39125
Equality+MachineArith,ABVFPLRA,unsat,54.302109,54.312018,4,39125
Equality+MachineArith,AUFBV,sat,981.0751799999999,1016.08331,6,39125
Equality+MachineArith,AUFBV,starexec-unknown,566319.78649,612332.23626,566,39125
Equality+MachineArith,AUFBV,unsat,29939.055452,31871.074665,189,39125
Equality+MachineArith,AUFBVDTLIA,sat,45212.954728,47669.0114621,209,39125
Equality+MachineArith,AUFBVDTLIA,starexec-unknown,421899.6296,431665.143,384,39125
Equality+MachineArith,AUFBVDTLIA,unsat,19224.222734,19682.5922265,149,39125
Equality+MachineArith,AUFBVDTNIA,starexec-unknown,3599.978074,3600.136575,5,39125
Equality+MachineArith,AUFBVDTNIA,unsat,0.215446,0.2137781,3,39125
Equality+MachineArith,AUFBVDTNIRA,starexec-unknown,1112105.059118,1112446.7169454,931,39125
Equality+MachineArith,AUFBVDTNIRA,unsat,922.4627879999999,913.009135,131,39125
Equality+MachineArith,AUFBVFP,starexec-unknown,37152.3232,41792.484599999996,38,39125
Equality+MachineArith,AUFBVFP,unsat,3392.157389,3892.46506,19,39125
Equality+MachineArith,AUFFPDTNIRA,starexec-unknown,8405.626371,8406.6134699,27,39125
Equality+MachineArith,AUFFPDTNIRA,unsat,16.994127,16.9497249,132,39125
Equality+MachineArith,UFBV,sat,2839.23809,2943.50295,18,39125
Equality+MachineArith,UFBV,starexec-unknown,36867.273,37782.368,49,39125
Equality+MachineArith,UFBV,unsat,2083.209561,2105.330149,76,39125
Equality+MachineArith,UFBVFP,starexec-unknown,17.138,17.1383,1,39125
Equality+MachineArith,UFBVFP,unsat,0.182574,0.182031,1,39125
Equality+MachineArith,UFBVLIA,starexec-unknown,240929.36,247211.02,206,39125
Equality+MachineArith,UFBVLIA,unsat,769.636,800.018,2,39125
Equality+MachineArith,UFFPDTNIRA,sat,1208.2653109999999,1215.8542969,40,39125
Equality+MachineArith,UFFPDTNIRA,starexec-unknown,17278.65339,17788.92576,34,39125
Equality+MachineArith,UFFPDTNIRA,unsat,2982.633042,3044.462309,322,39125
Equality+NonLinearArith,AUFDTNIRA,starexec-unknown,141756.21898900002,141777.042828,159,39125
Equality+NonLinearArith,AUFDTNIRA,unsat,127.656076,127.4124461,603,39125
Equality+NonLinearArith,AUFNIA,starexec-unknown,3598.7700000000004,3600.12,3,39125
Equality+NonLinearArith,AUFNIRA,sat,510.582,511.049,1,39125
Equality+NonLinearArith,AUFNIRA,starexec-unknown,298842.695776,301213.269903,253,39125
Equality+NonLinearArith,AUFNIRA,unsat,1875.999618,1912.766179,46,39125
Equality+NonLinearArith,UFDTNIA,unsat,7.34442,7.34754,1,39125
Equality+NonLinearArith,UFDTNIRA,starexec-unknown,131342.834761,131364.123055,190,39125
Equality+NonLinearArith,UFDTNIRA,unsat,642.605561,640.9878365,1959,39125
Equality+NonLinearArith,UFNIA,sat,29784.250916,29885.1758825,693,39125
Equality+NonLinearArith,UFNIA,starexec-unknown,3213664.656164,3295370.427019,2752,39125
Equality+NonLinearArith,UFNIA,unsat,103163.855064,105333.3808775,2833,39125
FPArith,BVFP,sat,7078.917357,7264.5452782,164,39125
FPArith,BVFP,starexec-unknown,40653.37,40801.53,34,39125
FPArith,BVFP,unsat,930.6479999999999,930.8629000000001,7,39125
FPArith,BVFPLRA,sat,53.333144000000004,46.9700152,95,39125
FPArith,BVFPLRA,starexec-unknown,83998.505437,84011.7522832,105,39125
FPArith,BVFPLRA,unsat,24.76325,24.7681189,9,39125
FPArith,FP,sat,28723.96359,28460.827627,106,39125
FPArith,FP,starexec-unknown,158159.81,162006.63,141,39125
FPArith,FP,unsat,21220.131702,22056.6654814,1087,39125
FPArith,FPLRA,sat,154.815439,146.137956,35,39125
FPArith,FPLRA,starexec-unknown,41999.15528,42004.2340469,37,39125
FPArith,FPLRA,unsat,26.475102,26.493485,15,39125
QF_Bitvec,QF_BV,sat,153359.461445,152734.1246672,2929,39125
QF_Bitvec,QF_BV,starexec-unknown,905353.1569,905579.3213,757,39125
QF_Bitvec,QF_BV,unsat,223938.161637,223740.4796006,4778,39125
QF_Datatypes,QF_DT,sat,9697.4775,9698.9782,21,39125
QF_Datatypes,QF_DT,starexec-unknown,139181.87,139206.03,116,39125
QF_Datatypes,QF_DT,unsat,39626.5089,39631.2677,64,39125
QF_Datatypes,QF_UFDT,sat,15885.256000000001,15888.936,30,39125
QF_Datatypes,QF_UFDT,starexec-unknown,113984.47,114004.83,95,39125
QF_Datatypes,QF_UFDT,unsat,35822.5726,35826.6649,75,39125
QF_Equality,QF_AX,sat,17.625312,17.5804948,131,39125
QF_Equality,QF_AX,unsat,185.122454,185.1291096,169,39125
QF_Equality,QF_UF,sat,793.998137,787.3765416,1429,39125
QF_Equality,QF_UF,starexec-unknown,4799.69,4800.2,4,39125
QF_Equality,QF_UF,unsat,5711.252429,5669.8676488,2060,39125
QF_Equality+Bitvec,QF_ABV,sat,8681.577405,8848.6843783,1101,39125
QF_Equality+Bitvec,QF_ABV,starexec-unknown,119727.58899999999,122405.34999999999,102,39125
QF_Equality+Bitvec,QF_ABV,unsat,9097.934273,9089.0189025,627,39125
QF_Equality+Bitvec,QF_AUFBV,sat,314.53409,314.55212,5,39125
QF_Equality+Bitvec,QF_AUFBV,starexec-unknown,27676.54,28801.43,24,39125
QF_Equality+Bitvec,QF_AUFBV,unsat,1143.0627670000001,1151.0769300000002,9,39125
QF_Equality+Bitvec,QF_UFBV,sat,8604.533374,8594.961844,153,39125
QF_Equality+Bitvec,QF_UFBV,starexec-unknown,33593.08,33601.9,28,39125
QF_Equality+Bitvec,QF_UFBV,unsat,25580.22404,25533.57512,119,39125
QF_Equality+LinearArith,QF_ALIA,sat,489.68235300000003,489.846284,34,39125
QF_Equality+LinearArith,QF_ALIA,starexec-unknown,26391.87,26401.04,22,39125
QF_Equality+LinearArith,QF_ALIA,unsat,2426.775615,2427.4835076,60,39125
QF_Equality+LinearArith,QF_AUFLIA,sat,149.026745,148.9880268,262,39125
QF_Equality+LinearArith,QF_AUFLIA,unsat,188.024453,185.8604085,277,39125
QF_Equality+LinearArith,QF_UFDTLIRA,sat,0.163448,0.1607651,5,39125
QF_Equality+LinearArith,QF_UFDTLIRA,unsat,0.118697,0.1165373,4,39125
QF_Equality+LinearArith,QF_UFIDL,sat,13063.117237,13065.364294,70,39125
QF_Equality+LinearArith,QF_UFIDL,starexec-unknown,70790.45,70802.73,59,39125
QF_Equality+LinearArith,QF_UFIDL,unsat,23806.736272,23809.395966,171,39125
QF_Equality+LinearArith,QF_UFLIA,sat,250.004944,249.0076588,238,39125
QF_Equality+LinearArith,QF_UFLIA,unsat,547.749538,547.8438861,62,39125
QF_Equality+LinearArith,QF_UFLRA,sat,1659.989184,1660.199381,314,39125
QF_Equality+LinearArith,QF_UFLRA,starexec-unknown,8398.16,8400.27,7,39125
QF_Equality+LinearArith,QF_UFLRA,unsat,183.889198,183.8790209,220,39125
QF_Equality+NonLinearArith,QF_ANIA,sat,2179.3141689999998,2160.9714799,55,39125
QF_Equality+NonLinearArith,QF_ANIA,starexec-unknown,43192.56,43201.61,36,39125
QF_Equality+NonLinearArith,QF_ANIA,unsat,622.53069,622.586878,11,39125
QF_Equality+NonLinearArith,QF_AUFNIA,sat,16.02386,16.02739,2,39125
QF_Equality+NonLinearArith,QF_AUFNIA,unsat,139.48333,135.75799999999998,7,39125
QF_Equality+NonLinearArith,QF_UFNIA,sat,215.871014,215.8925476,166,39125
QF_Equality+NonLinearArith,QF_UFNIA,starexec-unknown,21596.81,21600.95,18,39125
QF_Equality+NonLinearArith,QF_UFNIA,unsat,143.783368,143.7993851,65,39125
QF_Equality+NonLinearArith,QF_UFNRA,sat,3658.2130070000003,3658.580649,18,39125
QF_Equality+NonLinearArith,QF_UFNRA,starexec-unknown,8399.45,8400.24,7,39125
QF_Equality+NonLinearArith,QF_UFNRA,unsat,8.8384,8.83766,2,39125
QF_FPArith,QF_ABVFP,sat,1167.125746,1147.9688729,102,39125
QF_FPArith,QF_ABVFP,starexec-unknown,10797.54,10800.58,9,39125
QF_FPArith,QF_ABVFP,unsat,9949.991703,9869.046408,489,39125
QF_FPArith,QF_ABVFPLRA,sat,130.866757,130.897917,20,39125
QF_FPArith,QF_ABVFPLRA,unsat,271.022366,271.05554,5,39125
QF_FPArith,QF_AUFBVFP,sat,2.54075,2.54021,1,39125
QF_FPArith,QF_BVFP,sat,892.393974,884.4137077,195,39125
QF_FPArith,QF_BVFP,starexec-unknown,2399.77,2400.1,2,39125
QF_FPArith,QF_BVFP,unsat,3420.088134,3391.0787379,268,39125
QF_FPArith,QF_BVFPLRA,sat,513.989422,514.0332411,35,39125
QF_FPArith,QF_BVFPLRA,starexec-unknown,8399.5,8400.38,7,39125
QF_FPArith,QF_BVFPLRA,unsat,6615.747303,6616.7398941,27,39125
QF_FPArith,QF_FP,sat,9064.708192,9065.9299068,151,39125
QF_FPArith,QF_FP,starexec-unknown,53991.61,54002.36,45,39125
QF_FPArith,QF_FP,unsat,13889.511972,13852.317230999999,89,39125
QF_FPArith,QF_FPLRA,sat,1113.534365,1113.6632663999999,45,39125
QF_FPArith,QF_FPLRA,starexec-unknown,9598.9,9600.38,8,39125
QF_FPArith,QF_FPLRA,unsat,73.69876,73.70092,2,39125
QF_LinearIntArith,QF_IDL,sat,55293.280147,55172.299198,527,39125
QF_LinearIntArith,QF_IDL,starexec-unknown,359938.13,360015.47,300,39125
QF_LinearIntArith,QF_IDL,unsat,26025.82854,25962.0980672,377,39125
QF_LinearIntArith,QF_LIA,sat,152894.64466,152816.353724,3764,39125
QF_LinearIntArith,QF_LIA,starexec-unknown,402682.302,402735.663,336,39125
QF_LinearIntArith,QF_LIA,unsat,158773.631913,158675.4914482,2119,39125
QF_LinearIntArith,QF_LIRA,sat,4.22833,4.22857,1,39125
QF_LinearIntArith,QF_LIRA,starexec-unknown,1199.59,1200.02,1,39125
QF_LinearIntArith,QF_LIRA,unsat,969.789764,969.913083,5,39125
QF_LinearRealArith,QF_LRA,sat,22649.913970999998,22760.1631932,317,39125
QF_LinearRealArith,QF_LRA,starexec-unknown,50130.18,50401.72,42,39125
QF_LinearRealArith,QF_LRA,unsat,18962.100963,18960.573847300002,219,39125
QF_LinearRealArith,QF_RDL,sat,3727.436903,3727.913905,103,39125
QF_LinearRealArith,QF_RDL,starexec-unknown,45594.32,45601.57,38,39125
QF_LinearRealArith,QF_RDL,unsat,2944.626083,2910.658007,106,39125
QF_NonLinearIntArith,QF_NIA,sat,1723114.55942,1728481.3332211,5787,39125
QF_NonLinearIntArith,QF_NIA,starexec-unknown,4670116.788,4712656.52,3927,39125
QF_NonLinearIntArith,QF_NIA,unsat,99715.279403,99635.621681,2515,39125
QF_NonLinearIntArith,QF_NIRA,starexec-unknown,1199.54,1200.03,1,39125
QF_NonLinearIntArith,QF_NIRA,unsat,212.009,212.07,1,39125
QF_NonLinearRealArith,QF_NRA,sat,47466.702825,47532.5249962,1244,39125
QF_NonLinearRealArith,QF_NRA,starexec-unknown,435139.36,435618.26,363,39125
QF_NonLinearRealArith,QF_NRA,unsat,43296.692319,43165.9631025,1301,39125
QF_Strings,QF_S,sat,1401.286038,1429.3616644,373,39125
QF_Strings,QF_S,unsat,3.650686,3.6012316,172,39125
QF_Strings,QF_SLIA,sat,81818.03904,82963.4191719,10477,39125
QF_Strings,QF_SLIA,starexec-unknown,434548.2697,435635.9016,364,39125
QF_Strings,QF_SLIA,unsat,35539.090201,35882.3582032,4302,39125
QF_Strings,QF_SNIA,sat,2.057606,2.0247366,70,39125
QF_Equality,QF_AX,sat,24.284436,23.445575599999998,131,39128
QF_Equality,QF_AX,unsat,263.216821,263.3441261,169,39128
QF_Equality,QF_UF,sat,288.076785,284.2918374,1429,39128
QF_Equality,QF_UF,starexec-unknown,1199.94,1200.01,1,39128
QF_Equality,QF_UF,unsat,7637.194525,7617.6108008,2063,39128
QF_Equality+LinearArith,QF_UFLIA,sat,642.961705,633.2972886,238,39128
QF_Equality+LinearArith,QF_UFLIA,unsat,49.233935,47.0790686,62,39128
QF_Equality+LinearArith,QF_UFLRA,sat,1436.575063,1436.8525541000001,314,39128
QF_Equality+LinearArith,QF_UFLRA,starexec-unknown,8398.1,8400.41,7,39128
QF_Equality+LinearArith,QF_UFLRA,unsat,45.178455,45.2133045,220,39128
QF_LinearIntArith,QF_IDL,sat,47766.6,47727.58348499,561,39128
QF_LinearIntArith,QF_IDL,starexec-unknown,383978.93,384015.67,320,39128
QF_LinearIntArith,QF_IDL,unsat,13176.161093,13123.4247835,323,39128
QF_LinearIntArith,QF_LIA,sat,226234.491728,226077.11314388,3770,39128
QF_LinearIntArith,QF_LIA,starexec-unknown,322787.1937,322824.96744,275,39128
QF_LinearIntArith,QF_LIA,unsat,103031.119599,102856.20588016,2174,39128
QF_LinearRealArith,QF_LRA,sat,11662.742898,11641.9468376,324,39128
QF_LinearRealArith,QF_LRA,starexec-unknown,38396.97,38401.369999999995,32,39128
QF_LinearRealArith,QF_LRA,unsat,6772.03887,6743.4970954,222,39128
QF_LinearRealArith,QF_RDL,sat,7785.5062,7786.2492736,99,39128
QF_LinearRealArith,QF_RDL,starexec-unknown,65997.52,66002.47,55,39128
QF_LinearRealArith,QF_RDL,unsat,6786.37659,6728.9204235,93,39128
Arith,LIA,sat,4.315281,3.05878,8,39129
Arith,LIA,starexec-unknown,134150.2672,129535.804657,203,39129
Arith,LIA,unsat,129.557931,69.929156,89,39129
Arith,LRA,sat,0.582477,0.402757,1,39129
Arith,LRA,starexec-unknown,54454.546078,49830.400033,839,39129
Arith,LRA,unsat,2583.176579,1697.208507,163,39129
Equality,UF,sat,1262.5775859999999,1211.5753530000002,7,39129
Equality,UF,starexec-unknown,7567182.1525,3133671.372384,2654,39129
Equality,UF,unsat,26114.19501,20204.393999,196,39129
Equality,UFDT,sat,1.0508,0.540128,1,39129
Equality,UFDT,starexec-unknown,3104423.658842,1678317.6759799998,1454,39129
Equality,UFDT,unsat,13038.744704,10044.260862,95,39129
Equality+LinearArith,ALIA,sat,0.703997,0.439203,1,39129
Equality+LinearArith,ALIA,unsat,111.51259,40.846561,18,39129
Equality+LinearArith,AUFDTLIA,sat,1047.116781,1000.8434550000001,2,39129
Equality+LinearArith,AUFDTLIA,starexec-unknown,50038.431079,47918.885887,112,39129
Equality+LinearArith,AUFDTLIA,unsat,1005.12209,383.556542,74,39129
Equality+LinearArith,AUFDTLIRA,starexec-unknown,626659.59826,483865.157175,921,39129
Equality+LinearArith,AUFDTLIRA,unsat,35895.871455,23882.827596,3264,39129
Equality+LinearArith,AUFLIA,sat,55.323802,35.067469,79,39129
Equality+LinearArith,AUFLIA,starexec-unknown,707466.716412,535491.6692359999,530,39129
Equality+LinearArith,AUFLIA,unsat,22724.291233,18829.56455,1029,39129
Equality+LinearArith,AUFLIRA,starexec-unknown,496180.01362,267495.409094,348,39129
Equality+LinearArith,AUFLIRA,unsat,5887.192236,4730.271882,1335,39129
Equality+LinearArith,UFDTLIA,starexec-unknown,333322.42,301213.89,251,39129
Equality+LinearArith,UFDTLIA,unsat,1995.176733,1737.074075,26,39129
Equality+LinearArith,UFDTLIRA,sat,446.698396,259.327602,498,39129
Equality+LinearArith,UFDTLIRA,starexec-unknown,208985.204341,153938.387604,529,39129
Equality+LinearArith,UFDTLIRA,unsat,13753.899985,9770.508891,2102,39129
Equality+LinearArith,UFIDL,sat,0.812567,0.491124,1,39129
Equality+LinearArith,UFIDL,starexec-unknown,12106.417832,8405.913442,12,39129
Equality+LinearArith,UFIDL,unsat,428.2971,301.3613,7,39129
Equality+LinearArith,UFLIA,sat,2.154821,1.134865,2,39129
Equality+LinearArith,UFLIA,starexec-unknown,4952847.719609,2824032.545258,2431,39129
Equality+LinearArith,UFLIA,unsat,36374.503102,30089.698891,415,39129
Equality+LinearArith,UFLRA,starexec-unknown,5250.715359,4800.634316,5,39129
Equality+LinearArith,UFLRA,unsat,1.3185220000000002,0.846528,2,39129
QF_Datatypes,QF_DT,starexec-unknown,234384.73,224410.84999999998,187,39129
QF_Datatypes,QF_DT,unsat,12400.5059,9191.8004,14,39129
QF_Datatypes,QF_UFDT,starexec-unknown,233593.98,224409.93,187,39129
QF_Datatypes,QF_UFDT,unsat,12633.585,9283.716,13,39129
QF_Equality,QF_AX,sat,160.819906,76.056056,131,39129
QF_Equality,QF_AX,unsat,784.909743,299.328191,169,39129
QF_Equality,QF_UF,sat,4192.859272,1721.252729,1429,39129
QF_Equality,QF_UF,starexec-unknown,135445.66,84003.95999999999,70,39129
QF_Equality,QF_UF,unsat,55234.771081,27599.854961,1994,39129
QF_Equality+LinearArith,QF_ALIA,sat,454.09222,167.640461,54,39129
QF_Equality+LinearArith,QF_ALIA,unsat,793.269819,520.047632,62,39129
QF_Equality+LinearArith,QF_AUFLIA,sat,284.479425,168.947133,262,39129
QF_Equality+LinearArith,QF_AUFLIA,unsat,907.354486,381.734262,277,39129
QF_Equality+LinearArith,QF_UFDTLIRA,sat,3.228939,2.056555,5,39129
QF_Equality+LinearArith,QF_UFDTLIRA,unsat,2.798711,1.761233,4,39129
QF_Equality+LinearArith,QF_UFIDL,sat,5576.88905,4824.821118,83,39129
QF_Equality+LinearArith,QF_UFIDL,starexec-unknown,87506.02,69602.97,58,39129
QF_Equality+LinearArith,QF_UFIDL,unsat,19710.73167,11828.732411,159,39129
QF_Equality+LinearArith,QF_UFLIA,sat,1402.88092,740.256932,238,39129
QF_Equality+LinearArith,QF_UFLIA,unsat,978.888403,685.95249,62,39129
QF_Equality+LinearArith,QF_UFLRA,sat,3707.68266,2336.969436,317,39129
QF_Equality+LinearArith,QF_UFLRA,starexec-unknown,7546.41,6000.21,5,39129
QF_Equality+LinearArith,QF_UFLRA,unsat,1204.17595,433.413537,219,39129
QF_Equality+NonLinearArith,QF_ANIA,sat,698.275143,473.91325,73,39129
QF_Equality+NonLinearArith,QF_ANIA,starexec-unknown,12407.223689999999,12004.027662999999,14,39129
QF_Equality+NonLinearArith,QF_ANIA,unsat,806.46074,602.17719,15,39129
QF_Equality+NonLinearArith,QF_AUFNIA,sat,8.30758,2.9204499999999998,2,39129
QF_Equality+NonLinearArith,QF_AUFNIA,unsat,42.15287,14.31914,7,39129
QF_Equality+NonLinearArith,QF_UFNIA,sat,43.419829,24.983438,55,39129
QF_Equality+NonLinearArith,QF_UFNIA,starexec-unknown,101.820058,67.819785,178,39129
QF_Equality+NonLinearArith,QF_UFNIA,unsat,15.728374,8.325848,16,39129
QF_Equality+NonLinearArith,QF_UFNRA,sat,0.589345,0.392719,1,39129
QF_Equality+NonLinearArith,QF_UFNRA,starexec-unknown,14.803682,9.838259,26,39129
QF_LinearIntArith,QF_IDL,sat,51809.442023,45932.283213,422,39129
QF_LinearIntArith,QF_IDL,starexec-unknown,668522.35,603629.23,503,39129
QF_LinearIntArith,QF_IDL,unsat,35498.90306,23613.583416,279,39129
QF_LinearIntArith,QF_LIA,sat,144431.877524,121134.793864,3580,39129
QF_LinearIntArith,QF_LIA,starexec-unknown,629088.96,576025.86,480,39129
QF_LinearIntArith,QF_LIA,unsat,161024.573997,103814.328125,2159,39129
QF_LinearIntArith,QF_LIRA,sat,18.4041,6.23396,1,39129
QF_LinearIntArith,QF_LIRA,starexec-unknown,8709.9,3600.14,3,39129
QF_LinearIntArith,QF_LIRA,unsat,312.43607000000003,162.92127,3,39129
QF_LinearRealArith,QF_LRA,sat,38901.49556,34418.908292,303,39129
QF_LinearRealArith,QF_LRA,starexec-unknown,128944.77,116405.76999999999,97,39129
QF_LinearRealArith,QF_LRA,unsat,39883.9344,34499.916083000004,178,39129
QF_LinearRealArith,QF_RDL,sat,6229.60197,5262.09593,98,39129
QF_LinearRealArith,QF_RDL,starexec-unknown,86292.77,80404.23999999999,67,39129
QF_LinearRealArith,QF_RDL,unsat,8843.65595,6188.312369,82,39129
QF_LinearRealArith,QF_LRA,sat,21027.130505,20993.4255041,90,39130
QF_LinearRealArith,QF_LRA,starexec-unknown,289188.556535,289257.076222,418,39130
QF_LinearRealArith,QF_LRA,unsat,7735.637583,7735.3522442,70,39130
QF_LinearRealArith,QF_RDL,sat,15759.9369,15765.33567,41,39130
QF_LinearRealArith,QF_RDL,starexec-unknown,149154.97468,153444.67429999998,170,39130
QF_LinearRealArith,QF_RDL,unsat,7179.601409,7181.245062200001,36,39130
QF_Bitvec,QF_BV,sat,57112.468581,57031.5595899,2992,39131
QF_Bitvec,QF_BV,starexec-unknown,320368.185976,320411.8095859,268,39131
QF_Bitvec,QF_BV,unsat,68527.168117,68377.11767091,5204,39131
Arith,LIA,sat,3.534687,1.278835,3,39132
Arith,LIA,starexec-unknown,682049.13,171572.83,143,39132
Arith,LIA,unsat,981.2715370000001,261.2593473,154,39132
Arith,LRA,starexec-unknown,2455605.267895,618019.7066319999,519,39132
Arith,LRA,unsat,45325.73139,11474.3617656,484,39132
Arith,NIA,starexec-unknown,677136.6,170387.5,142,39132
Arith,NIA,unsat,13744.365777,3465.0513269,66,39132
Arith,NRA,starexec-unknown,76403.23,19196.829999999998,16,39132
Arith,NRA,unsat,72.671541,28.2186028,83,39132
Equality,UF,sat,37739.62504,9569.0258771,473,39132
Equality,UF,starexec-unknown,7758539.064036,1950521.266355,1638,39132
Equality,UF,unsat,164256.95416999998,41420.4135555,746,39132
Equality,UFDT,sat,60326.32,15171.217999999999,14,39132
Equality,UFDT,starexec-unknown,5460022.913969,1373353.281557,1148,39132
Equality,UFDT,unsat,118323.922662,29852.7936192,388,39132
Equality+LinearArith,ALIA,starexec-unknown,28616.99,7200.429999999999,6,39132
Equality+LinearArith,ALIA,unsat,3748.671284,942.8486290000001,13,39132
Equality+LinearArith,AUFDTLIA,starexec-unknown,476825.79,119971.42,100,39132
Equality+LinearArith,AUFDTLIA,unsat,7912.068921,2000.23346,88,39132
Equality+LinearArith,AUFDTLIRA,starexec-unknown,3579537.453207,905081.1034489999,764,39132
Equality+LinearArith,AUFDTLIRA,unsat,918731.113275,232039.3875551,3421,39132
Equality+LinearArith,AUFLIA,sat,14.459588,10.2315388,96,39132
Equality+LinearArith,AUFLIA,starexec-unknown,1316257.013471,331163.084986,282,39132
Equality+LinearArith,AUFLIA,unsat,26496.895591,6804.86664,1260,39132
Equality+LinearArith,AUFLIRA,starexec-unknown,634357.276512,159593.89380999998,146,39132
Equality+LinearArith,AUFLIRA,unsat,42289.117285,10799.9465379,1537,39132
Equality+LinearArith,UFDTLIA,starexec-unknown,700995.528535,176387.697089,149,39132
Equality+LinearArith,UFDTLIA,unsat,3839.589153,981.6311762,128,39132
Equality+LinearArith,UFDTLIRA,sat,2669.05,674.5773,12,39132
Equality+LinearArith,UFDTLIRA,starexec-unknown,4676748.233961,1178551.938016,1000,39132
Equality+LinearArith,UFDTLIRA,unsat,120814.699503,30646.599937,2117,39132
Equality+LinearArith,UFIDL,starexec-unknown,61952.98,15600.279999999999,13,39132
Equality+LinearArith,UFIDL,unsat,0.991155,1.415512,7,39132
Equality+LinearArith,UFLIA,starexec-unknown,6086688.093114,1530947.3849449998,1293,39132
Equality+LinearArith,UFLIA,unsat,224630.675338,56698.3274586,1555,39132
Equality+LinearArith,UFLRA,starexec-unknown,23809.16,6000.2,5,39132
Equality+LinearArith,UFLRA,unsat,0.293111,0.566561,2,39132
Equality+NonLinearArith,AUFDTNIRA,starexec-unknown,791278.67,199145.8,166,39132
Equality+NonLinearArith,AUFDTNIRA,unsat,140934.327641,35558.6616076,596,39132
Equality+NonLinearArith,AUFNIA,starexec-unknown,14311.49,3593.09,3,39132
Equality+NonLinearArith,AUFNIRA,starexec-unknown,1178312.33,296583.718,248,39132
Equality+NonLinearArith,AUFNIRA,unsat,13070.008147,3302.192418,52,39132
Equality+NonLinearArith,UFDTNIA,unsat,0.085483,0.0847809,1,39132
Equality+NonLinearArith,UFDTNIRA,starexec-unknown,1507693.362101,379701.483303,325,39132
Equality+NonLinearArith,UFDTNIRA,unsat,223291.118156,56517.4607224,1824,39132
Equality+NonLinearArith,UFNIA,starexec-unknown,17076770.628976,4298053.153737,3627,39132
Equality+NonLinearArith,UFNIA,unsat,866932.107694,218954.5857548,2651,39132
Arith,LIA,sat,8498.811239999999,7227.3757000000005,74,39135
Arith,LIA,starexec-unknown,89920.77,84003.94,70,39135
Arith,LIA,unsat,3289.76012,2503.10588,156,39135
Arith,LRA,sat,6626.69563,5084.60317,327,39135
Arith,LRA,starexec-unknown,194962.07,187209.8,156,39135
Arith,LRA,unsat,9509.49123,7380.44477,520,39135
Arith,NIA,sat,178.20213,100.74481,33,39135
Arith,NIA,starexec-unknown,25847.12756,25474.34348,79,39135
Arith,NIA,unsat,523.23308,296.79397,96,39135
Arith,NRA,sat,4.60279,2.83475,1,39135
Arith,NRA,starexec-unknown,40051.83258,39798.99878,93,39135
Arith,NRA,unsat,28.18966,14.19764,5,39135
Bitvec,BV,sat,1935.62659,1614.39589,27,39135
Bitvec,BV,starexec-unknown,229136.11098,194241.1509,666,39135
Bitvec,BV,unsat,2267.92544,1515.9366,277,39135
Equality,UF,starexec-unknown,14261.57827,8410.40866,2857,39135
Equality,UFDT,starexec-unknown,7422.38523,4363.40135,1550,39135
Equality+LinearArith,ALIA,sat,4.91423,3.0278,1,39135
Equality+LinearArith,ALIA,starexec-unknown,120.74047,60.98111,18,39135
Equality+LinearArith,AUFDTLIA,starexec-unknown,871.74898,520.69458,188,39135
Equality+LinearArith,AUFDTLIRA,starexec-unknown,19378.84251,11502.33053,4185,39135
Equality+LinearArith,AUFLIA,sat,38.16834,23.78055,8,39135
Equality+LinearArith,AUFLIA,starexec-unknown,10671.13347,6198.1769699999995,1586,39135
Equality+LinearArith,AUFLIA,unsat,239.33091,134.35684,44,39135
Equality+LinearArith,AUFLIRA,starexec-unknown,8532.24382,5006.06522,1674,39135
Equality+LinearArith,AUFLIRA,unsat,57.56033,30.92606,9,39135
Equality+LinearArith,UFDTLIA,starexec-unknown,1288.55651,768.73544,277,39135
Equality+LinearArith,UFDTLIRA,starexec-unknown,14606.02187,8720.15979,3129,39135
Equality+LinearArith,UFIDL,starexec-unknown,153.02,74.45197999999999,20,39135
Equality+LinearArith,UFLIA,starexec-unknown,19892.00206,13625.71888,2848,39135
Equality+LinearArith,UFLRA,starexec-unknown,32.98625,21.22783,7,39135
Equality+MachineArith,ABV,starexec-unknown,2516.78214,2100.01938,168,39135
Equality+MachineArith,ABV,unsat,26.0456,19.5,1,39135
Equality+MachineArith,ABVFP,sat,206.71831999999998,191.11724999999998,10,39135
Equality+MachineArith,ABVFP,starexec-unknown,91.97832,60.48521,20,39135
Equality+MachineArith,ABVFPLRA,sat,92.63745,71.554,10,39135
Equality+MachineArith,ABVFPLRA,starexec-unknown,333.93271,226.69348,65,39135
Equality+MachineArith,AUFBV,starexec-unknown,2702013.85026,842334.45679,754,39135
Equality+MachineArith,AUFBV,unsat,525.16342,427.63867000000005,7,39135
Equality+MachineArith,AUFBVDTLIA,starexec-unknown,3419.18436,2100.52743,742,39135
Equality+MachineArith,AUFBVDTNIA,starexec-unknown,36.31057,27.2143,8,39135
Equality+MachineArith,AUFBVDTNIRA,starexec-unknown,4930.17908,2915.76984,1062,39135
Equality+MachineArith,AUFBVFP,starexec-unknown,89604.85210999999,28167.07073,57,39135
Equality+MachineArith,AUFFPDTNIRA,starexec-unknown,732.29795,440.22394,159,39135
Equality+MachineArith,UFBV,starexec-unknown,10698.34638,9962.39181,137,39135
Equality+MachineArith,UFBV,unsat,95.92608000000001,76.51671,6,39135
Equality+MachineArith,UFBVFP,starexec-unknown,8.782350000000001,5.44805,2,39135
Equality+MachineArith,UFBVLIA,starexec-unknown,257974.6304,154316.146,208,39135
Equality+MachineArith,UFFPDTNIRA,starexec-unknown,1870.05611,1112.07538,396,39135
Equality+NonLinearArith,AUFDTNIRA,starexec-unknown,3542.41082,2091.22004,762,39135
Equality+NonLinearArith,AUFNIA,starexec-unknown,14.63682,8.62909,3,39135
Equality+NonLinearArith,AUFNIRA,starexec-unknown,1486.17487,888.2009,300,39135
Equality+NonLinearArith,UFDTNIA,starexec-unknown,4.45815,2.69887,1,39135
Equality+NonLinearArith,UFDTNIRA,starexec-unknown,10015.21246,5921.42658,2149,39135
Equality+NonLinearArith,UFNIA,sat,6553.49484,5714.29321,397,39135
Equality+NonLinearArith,UFNIA,starexec-unknown,629120.95792,614457.74368,5710,39135
Equality+NonLinearArith,UFNIA,unsat,1486.40789,1119.24667,171,39135
FPArith,BVFP,sat,436.93512,387.01946,25,39135
FPArith,BVFP,starexec-unknown,942.46719,593.66449,180,39135
FPArith,BVFPLRA,sat,345.97684,266.63274,37,39135
FPArith,BVFPLRA,starexec-unknown,1051.46671,713.29703,163,39135
FPArith,BVFPLRA,unsat,78.09164,60.023720000000004,9,39135
FPArith,FP,sat,6.58125,5.65439,1,39135
FPArith,FP,starexec-unknown,40197.42794,38598.0362,1164,39135
FPArith,FP,unsat,846.9463,629.12474,169,39135
FPArith,FPLRA,sat,160.65604,123.10575,23,39135
FPArith,FPLRA,starexec-unknown,325.13719,230.91977,51,39135
FPArith,FPLRA,unsat,74.44356,48.52496,13,39135
QF_FPArith,QF_ABVFP,sat,1395.039175,1392.632083,96,39136
QF_FPArith,QF_ABVFP,starexec-unknown,36627.121865,36629.98714,105,39136
QF_FPArith,QF_ABVFP,unsat,3298.628358,3282.5289279999997,399,39136
QF_FPArith,QF_ABVFPLRA,sat,30.858104,22.932146,20,39136
QF_FPArith,QF_ABVFPLRA,starexec-unknown,1201.89,1202.03,1,39136
QF_FPArith,QF_ABVFPLRA,unsat,15.355806000000001,15.356470999999999,4,39136
QF_FPArith,QF_BVFP,sat,1294.460386,1289.811201,189,39136
QF_FPArith,QF_BVFP,starexec-unknown,25252.70538,25254.584952999998,55,39136
QF_FPArith,QF_BVFP,unsat,1659.437248,1659.189566,221,39136
QF_FPArith,QF_BVFPLRA,sat,33.854268,33.854098,25,39136
QF_FPArith,QF_BVFPLRA,starexec-unknown,10821.068064000001,10822.093144999999,20,39136
QF_FPArith,QF_BVFPLRA,unsat,30.31504,30.313629,24,39136
QF_FPArith,QF_FP,sat,778.963008,777.575276,137,39136
QF_FPArith,QF_FP,starexec-unknown,58897.12,58900.25,49,39136
QF_FPArith,QF_FP,unsat,690.19254,690.241437,99,39136
QF_FPArith,QF_FPLRA,sat,53.282267,53.324601,49,39136
QF_FPArith,QF_FPLRA,starexec-unknown,2403.77,2404.05,2,39136
QF_FPArith,QF_FPLRA,unsat,16.970397,17.001208000000002,4,39136
QF_NonLinearRealArith,QF_NRA,sat,35421.120315,35399.3031613,1198,39137
QF_NonLinearRealArith,QF_NRA,starexec-unknown,491456.77,492435.72,420,39137
QF_NonLinearRealArith,QF_NRA,unsat,23611.942253,23578.5418995,1290,39137
QF_Strings,QF_S,sat,4888.16748,2307.47225,368,39138
QF_Strings,QF_S,starexec-unknown,6382.5599999999995,6000.23,5,39138
QF_Strings,QF_S,unsat,411.6771,244.58412,172,39138
QF_Strings,QF_SLIA,sat,225137.117,150275.07194,4762,39138
QF_Strings,QF_SLIA,starexec-unknown,8511954.755,7877827.57206,6696,39138
QF_Strings,QF_SLIA,unsat,96213.84675,70523.95449,3685,39138
QF_Strings,QF_SNIA,sat,191.4202,109.50723,70,39138
Bitvec,BV,sat,3002.88845,1217.6090881,228,39139
Bitvec,BV,starexec-unknown,453696.6347,160353.93099999998,135,39139
Bitvec,BV,unsat,10506.730261,4216.0030896,607,39139
Bitvec,BV,sat,10586.99473,9493.4453246,184,39140
Bitvec,BV,starexec-unknown,596510.66805,257493.58701999998,216,39140
Bitvec,BV,unsat,4965.783836,3089.2477428,570,39140
QF_NonLinearRealArith,QF_NRA,sat,13674.63316,13656.09055538,1123,39141
QF_NonLinearRealArith,QF_NRA,starexec-unknown,836149.799,836249.4657,719,39141
QF_NonLinearRealArith,QF_NRA,unsat,31304.309382,31289.791144,1066,39141
Arith,LIA,starexec-unknown,24504.682606000002,24481.3128749,225,39142
Arith,LIA,unsat,0.855926,0.9705718,75,39142
Equality,UF,starexec-unknown,2573149.103543,2569314.686632,2188,39142
Equality,UF,unsat,17223.981411,17107.7520559,669,39142
Equality+LinearArith,ALIA,starexec-unknown,17998.72,18000.66,15,39142
Equality+LinearArith,ALIA,unsat,0.061332,0.060717999999999994,4,39142
Equality+LinearArith,AUFLIA,starexec-unknown,304951.61609,304971.933097,405,39142
Equality+LinearArith,AUFLIA,unsat,5147.538758,5125.0228386,1233,39142
Equality+LinearArith,AUFLIRA,starexec-unknown,326860.46402,326889.67822,341,39142
Equality+LinearArith,AUFLIRA,unsat,84.234935,82.59649350000001,1342,39142
Equality+LinearArith,UFIDL,starexec-unknown,11116.868209,11117.7461781,13,39142
Equality+LinearArith,UFIDL,unsat,0.2136,0.2117459,7,39142
Equality+LinearArith,UFLIA,starexec-unknown,1525873.041465,1522700.6048878,1303,39142
Equality+LinearArith,UFLIA,unsat,24198.89517,24177.5454656,1545,39142
Equality+LinearArith,UFLRA,starexec-unknown,4800.0312969999995,4800.530743,5,39142
Equality+LinearArith,UFLRA,unsat,0.023523000000000002,0.023474099999999998,2,39142
QF_Equality,QF_UF,sat,140.966004,140.9735619,1429,39142
QF_Equality,QF_UF,starexec-unknown,1199.8,1200.03,1,39142
QF_Equality,QF_UF,unsat,1603.316687,1603.5657853,2063,39142
QF_Equality+LinearArith,QF_ALIA,starexec-unknown,4.17332,4.2043406,110,39142
QF_Equality+LinearArith,QF_ALIA,unsat,0.347271,0.3474863,6,39142
QF_Equality+LinearArith,QF_AUFLIA,starexec-unknown,18.055805,17.5862627,521,39142
QF_Equality+LinearArith,QF_AUFLIA,unsat,0.224725,0.2690927,18,39142
QF_Equality+LinearArith,QF_UFIDL,sat,4541.706615,4541.0433054,73,39142
QF_Equality+LinearArith,QF_UFIDL,starexec-unknown,87627.7005,87638.1693,75,39142
QF_Equality+LinearArith,QF_UFIDL,unsat,6687.269196,6687.8329249,152,39142
QF_Equality+LinearArith,QF_UFLIA,sat,16238.206316,16238.2243668,204,39142
QF_Equality+LinearArith,QF_UFLIA,starexec-unknown,18606.49331,18607.978234,37,39142
QF_Equality+LinearArith,QF_UFLIA,unsat,1423.126246,1423.3232553,59,39142
QF_Equality+LinearArith,QF_UFLRA,sat,131.904873,130.7896984,315,39142
QF_Equality+LinearArith,QF_UFLRA,starexec-unknown,7199.2,7200.17,6,39142
QF_Equality+LinearArith,QF_UFLRA,unsat,27.785847,27.756190200000002,220,39142
QF_LinearIntArith,QF_IDL,sat,47210.251385999996,47172.6216996,461,39142
QF_LinearIntArith,QF_IDL,starexec-unknown,507567.55,507619.33999999997,423,39142
QF_LinearIntArith,QF_IDL,unsat,8065.985286,8063.6261591,320,39142
QF_LinearIntArith,QF_LIA,sat,42358.658286,42193.0253148,2984,39142
QF_LinearIntArith,QF_LIA,starexec-unknown,1923668.158111,1923825.6187759999,2001,39142
QF_LinearIntArith,QF_LIA,unsat,45400.47019,45407.6504299,1234,39142
QF_LinearIntArith,QF_LIRA,sat,2.44244,2.44258,1,39142
QF_LinearIntArith,QF_LIRA,starexec-unknown,2399.64,2400.08,2,39142
QF_LinearIntArith,QF_LIRA,unsat,2.6103650000000003,2.609603,4,39142
QF_LinearRealArith,QF_LRA,sat,20406.550429,20381.8712147,292,39142
QF_LinearRealArith,QF_LRA,starexec-unknown,97190.61,97203.5,81,39142
QF_LinearRealArith,QF_LRA,unsat,18031.419851,18019.0163846,205,39142
QF_LinearRealArith,QF_RDL,sat,3205.502965,3194.4716498,102,39142
QF_LinearRealArith,QF_RDL,starexec-unknown,46796.98,46801.84,39,39142
QF_LinearRealArith,QF_RDL,unsat,3735.667739,3736.1160212,106,39142
QF_Equality+NonLinearArith,QF_UFNRA,sat,0.008083,0.0139981,1,39143
QF_Equality+NonLinearArith,QF_UFNRA,starexec-unknown,31198.77,31201.05,26,39143
QF_NonLinearRealArith,QF_NRA,sat,10862.878816,10592.44421807,905,39143
QF_NonLinearRealArith,QF_NRA,starexec-unknown,1194889.985946,1186845.1344397,1029,39143
QF_NonLinearRealArith,QF_NRA,unsat,8919.123569,8689.8124046,974,39143
Equality,UF,sat,461.894439,462.06061420000003,39,39144
Equality,UF,starexec-unknown,3014144.66,3014520.96,2512,39144
Equality,UF,unsat,13618.555297,13590.1185743,306,39144
QF_Bitvec,QF_BV,sat,82020.211704,81830.10843770001,3033,39144
QF_Bitvec,QF_BV,starexec-unknown,313178.53,313212.54,261,39144
QF_Bitvec,QF_BV,unsat,66184.475557,66111.24092236,5170,39144
QF_Equality,QF_AX,sat,0.879912,1.75829427,131,39144
QF_Equality,QF_AX,unsat,4.63469,4.9892857,169,39144
QF_Equality,QF_UF,sat,50.649726,55.18143116,1429,39144
QF_Equality,QF_UF,unsat,1880.914872,1881.8618081,2064,39144
QF_Equality+Bitvec,QF_ABV,sat,8295.06805,8281.0604112,1140,39144
QF_Equality+Bitvec,QF_ABV,starexec-unknown,45593.87,45601.64,38,39144
QF_Equality+Bitvec,QF_ABV,unsat,10998.646993,10998.5314226,652,39144
QF_Equality+Bitvec,QF_AUFBV,sat,1625.505322,1625.687987,12,39144
QF_Equality+Bitvec,QF_AUFBV,starexec-unknown,13197.65,13200.449999999999,11,39144
QF_Equality+Bitvec,QF_AUFBV,unsat,427.69207,427.7655778,15,39144
QF_Equality+Bitvec,QF_UFBV,sat,1090.079727,1090.2260597,160,39144
QF_Equality+Bitvec,QF_UFBV,starexec-unknown,49198.28,49202.049999999996,41,39144
QF_Equality+Bitvec,QF_UFBV,unsat,27615.778838,27619.3159787,99,39144
QF_Equality+LinearArith,QF_ALIA,sat,67.406952,67.4295915,54,39144
QF_Equality+LinearArith,QF_ALIA,unsat,6.716884,7.0349087,62,39144
QF_Equality+LinearArith,QF_AUFLIA,sat,6.252917,7.41966153,262,39144
QF_Equality+LinearArith,QF_AUFLIA,unsat,15.037149,15.8261718,277,39144
QF_Equality+LinearArith,QF_UFIDL,sat,5886.233532,5886.98805085,56,39144
QF_Equality+LinearArith,QF_UFIDL,starexec-unknown,64794.25,64802.24,54,39144
QF_Equality+LinearArith,QF_UFIDL,unsat,11081.380744,11082.2786346,190,39144
QF_Equality+LinearArith,QF_UFLIA,sat,6.329927,7.030279,238,39144
QF_Equality+LinearArith,QF_UFLIA,unsat,68.95585100000001,69.2013015,62,39144
QF_Equality+LinearArith,QF_UFLRA,sat,332.076416,332.6685625,316,39144
QF_Equality+LinearArith,QF_UFLRA,starexec-unknown,5999.28,6000.23,5,39144
QF_Equality+LinearArith,QF_UFLRA,unsat,10.205858,10.6760554,220,39144
QF_Equality+NonLinearArith,QF_UFNIA,sat,230.911835,231.0104489,172,39144
QF_Equality+NonLinearArith,QF_UFNIA,starexec-unknown,32396.28,32401.239999999998,27,39144
QF_Equality+NonLinearArith,QF_UFNIA,unsat,1.841519,1.9131141,50,39144
QF_Equality+NonLinearArith,QF_UFNRA,sat,7189.752575,7190.4652061,22,39144
QF_Equality+NonLinearArith,QF_UFNRA,starexec-unknown,3599.63,3600.0699999999997,3,39144
QF_Equality+NonLinearArith,QF_UFNRA,unsat,0.378029,0.378154,2,39144
QF_LinearIntArith,QF_IDL,sat,19762.696788,19753.643939999998,625,39144
QF_LinearIntArith,QF_IDL,starexec-unknown,283182.55,283210.76,236,39144
QF_LinearIntArith,QF_IDL,unsat,11795.197896,11745.8561455,343,39144
QF_LinearIntArith,QF_LIA,sat,56097.322472,56066.34382678,3675,39144
QF_LinearIntArith,QF_LIA,starexec-unknown,509968.9,510018.68,425,39144
QF_LinearIntArith,QF_LIA,unsat,7489.573171,7483.30904807,2119,39144
QF_LinearIntArith,QF_LIRA,sat,0.076418,0.0764621,1,39144
QF_LinearIntArith,QF_LIRA,starexec-unknown,1199.94,1200.02,1,39144
QF_LinearIntArith,QF_LIRA,unsat,276.715716,276.73365590000003,5,39144
QF_LinearRealArith,QF_LRA,sat,11122.197447,11081.123936599999,324,39144
QF_LinearRealArith,QF_LRA,starexec-unknown,49197.09,49201.81,41,39144
QF_LinearRealArith,QF_LRA,unsat,15908.573661999999,15887.1387237,213,39144
QF_LinearRealArith,QF_RDL,sat,669.324101,667.338129,105,39144
QF_LinearRealArith,QF_RDL,starexec-unknown,40798.1,40801.24,34,39144
QF_LinearRealArith,QF_RDL,unsat,1850.792666,1821.6530774,108,39144
QF_NonLinearIntArith,QF_NIA,sat,152109.65467,151811.2978844,5100,39144
QF_NonLinearIntArith,QF_NIA,starexec-unknown,5237589.7064,5238330.3586,4367,39144
QF_NonLinearIntArith,QF_NIA,unsat,53517.559165,53447.4193968,2762,39144
QF_NonLinearIntArith,QF_NIRA,starexec-unknown,2399.6899999999996,2400.06,2,39144
QF_NonLinearRealArith,QF_NRA,sat,7815.982,7799.5171014,1150,39144
QF_NonLinearRealArith,QF_NRA,starexec-unknown,680327.34,680426.4299999999,567,39144
QF_NonLinearRealArith,QF_NRA,unsat,14114.570635,14103.312604,1191,39144
QF_NonLinearIntArith,QF_NIA,sat,464912.608195,464421.0788655,6992,39146
QF_NonLinearIntArith,QF_NIA,starexec-unknown,2827932.9869,2828237.2276,2385,39146
QF_NonLinearIntArith,QF_NIA,unsat,200649.686961,200464.4240497,2852,39146
QF_LinearIntArith,QF_IDL,sat,42925.386172,42879.7370724,656,39147
QF_LinearIntArith,QF_IDL,starexec-unknown,185985.7,186007.28,155,39147
QF_LinearIntArith,QF_IDL,unsat,19799.84762,19800.0004096,393,39147
QF_LinearIntArith,QF_LIA,sat,87938.725874,87776.464703,3846,39147
QF_LinearIntArith,QF_LIA,starexec-unknown,530192.547259,533822.489286,463,39147
QF_LinearIntArith,QF_LIA,unsat,140369.733428,140279.0097758,1910,39147
QF_NonLinearIntArith,QF_NIA,sat,603490.724379,602870.1956563999,6956,39147
QF_NonLinearIntArith,QF_NIA,starexec-unknown,2429245.032,2429458.708,2070,39147
QF_NonLinearIntArith,QF_NIA,unsat,44690.429539,44296.4652508,3203,39147
QF_NonLinearRealArith,QF_NRA,sat,30136.034551,30036.716078,1333,39147
QF_NonLinearRealArith,QF_NRA,starexec-unknown,320278.041,320310.931,268,39147
QF_NonLinearRealArith,QF_NRA,unsat,29412.432636,29373.431281,1307,39147
QF_Bitvec,QF_BV,sat,197161.931645,196841.830483,2967,39148
QF_Bitvec,QF_BV,starexec-unknown,1121427.590091,1121552.002114,1012,39148
QF_Bitvec,QF_BV,unsat,171221.158907,171066.2045054,4485,39148
QF_Strings,QF_S,sat,348.409115,348.4742382,372,39149
QF_Strings,QF_S,starexec-unknown,1199.76,1200.09,1,39149
QF_Strings,QF_S,unsat,3.173585,3.2352452,172,39149
QF_Strings,QF_SLIA,sat,77569.615073,77306.033825,10059,39149
QF_Strings,QF_SLIA,starexec-unknown,893545.8745,893707.4853,925,39149
QF_Strings,QF_SLIA,unsat,3963.346068,3926.1220294,4159,39149
Arith,LIA,sat,740.719431,740.7480653,101,39210
Arith,LIA,starexec-unknown,140382.741295,140405.77127599998,118,39210
Arith,LIA,unsat,9.353343,9.3529061,81,39210
Arith,LRA,sat,335.014274,335.15555720000003,408,39210
Arith,LRA,unsat,78.48872,78.6335165,595,39210
Arith,NIA,sat,174.536893,174.56661549999998,55,39210
Arith,NIA,starexec-unknown,153582.38,153605.74,128,39210
Arith,NIA,unsat,115.408764,115.4152846,25,39210
Arith,NRA,sat,0.938923,0.9388403000000001,4,39210
Arith,NRA,starexec-unknown,5999.21,6000.26,5,39210
Arith,NRA,unsat,163.809565,163.8288496,90,39210
Bitvec,BV,sat,1558.8357059999998,1558.0616596,192,39210
Bitvec,BV,starexec-unknown,314356.53,314411.76,262,39210
Bitvec,BV,unsat,2303.379625,2302.5729632,516,39210
QF_Bitvec,QF_BV,sat,194960.288583,194453.7742386,2619,MathSAT
QF_Bitvec,QF_BV,starexec-unknown,1478234.586539,1478566.9145749,1234,MathSAT
QF_Bitvec,QF_BV,unsat,208889.208394,208598.2964339,4611,MathSAT
QF_Equality,QF_AX,sat,8.210843,8.2377008,131,MathSAT
QF_Equality,QF_AX,unsat,18.458619,18.5054084,169,MathSAT
QF_Equality,QF_UF,sat,175.487626,175.737381,1395,MathSAT
QF_Equality,QF_UF,starexec-unknown,52796.017791,52802.9140693,92,MathSAT
QF_Equality,QF_UF,unsat,5310.422026,5236.4962238,2006,MathSAT
QF_Equality+Bitvec,QF_ABV,sat,10417.687009,10415.9680234,1110,MathSAT
QF_Equality+Bitvec,QF_ABV,starexec-unknown,92970.21,92990.079,81,MathSAT
QF_Equality+Bitvec,QF_ABV,unsat,8059.267312,8050.0099543,639,MathSAT
QF_Equality+Bitvec,QF_AUFBV,sat,218.373153,218.414571,8,MathSAT
QF_Equality+Bitvec,QF_AUFBV,starexec-unknown,21596.61,21601.03,18,MathSAT
QF_Equality+Bitvec,QF_AUFBV,unsat,2626.738229,2627.2582949000002,12,MathSAT
QF_Equality+Bitvec,QF_UFBV,sat,1795.589009,1784.722656,142,MathSAT
QF_Equality+Bitvec,QF_UFBV,starexec-unknown,69587.27,69602.87,58,MathSAT
QF_Equality+Bitvec,QF_UFBV,unsat,22684.255475,22688.460337,100,MathSAT
QF_Equality+LinearArith,QF_ALIA,sat,62.285014000000004,61.74924,54,MathSAT
QF_Equality+LinearArith,QF_ALIA,unsat,40.75193,40.7648466,62,MathSAT
QF_Equality+LinearArith,QF_AUFLIA,sat,38.443927,38.4986964,262,MathSAT
QF_Equality+LinearArith,QF_AUFLIA,starexec-unknown,1199.9,1200.04,1,MathSAT
QF_Equality+LinearArith,QF_AUFLIA,unsat,311.412675,307.79157760000004,276,MathSAT
QF_Equality+LinearArith,QF_UFIDL,sat,38.438063,35.2661262,38,MathSAT
QF_Equality+LinearArith,QF_UFIDL,starexec-unknown,87585.28,87603.45,73,MathSAT
QF_Equality+LinearArith,QF_UFIDL,unsat,18726.019166000002,18667.6788419,189,MathSAT
QF_Equality+LinearArith,QF_UFLIA,sat,2115.236109,2115.5945137,238,MathSAT
QF_Equality+LinearArith,QF_UFLIA,starexec-unknown,2399.77,2400.04,2,MathSAT
QF_Equality+LinearArith,QF_UFLIA,unsat,521.605094,521.6570588,60,MathSAT
QF_Equality+LinearArith,QF_UFLRA,sat,103.693337,103.7778879,315,MathSAT
QF_Equality+LinearArith,QF_UFLRA,starexec-unknown,7199.13,7200.19,6,MathSAT
QF_Equality+LinearArith,QF_UFLRA,unsat,31.430688,31.4570805,220,MathSAT
QF_Equality+NonLinearArith,QF_ANIA,sat,376.41668599999997,376.4540417,70,MathSAT
QF_Equality+NonLinearArith,QF_ANIA,starexec-unknown,17998.998065,18000.9883963,22,MathSAT
QF_Equality+NonLinearArith,QF_ANIA,unsat,2528.316695,2528.4711660000003,10,MathSAT
QF_Equality+NonLinearArith,QF_AUFNIA,sat,0.47578600000000004,0.47598300000000004,2,MathSAT
QF_Equality+NonLinearArith,QF_AUFNIA,unsat,7.039413,7.041838,7,MathSAT
QF_Equality+NonLinearArith,QF_UFNIA,sat,835.61209,835.7822932,115,MathSAT
QF_Equality+NonLinearArith,QF_UFNIA,starexec-unknown,49197.225941,49203.0270541,87,MathSAT
QF_Equality+NonLinearArith,QF_UFNIA,unsat,28.096233,28.1074595,47,MathSAT
QF_Equality+NonLinearArith,QF_UFNRA,sat,94.18559,94.19595,7,MathSAT
QF_Equality+NonLinearArith,QF_UFNRA,starexec-unknown,20398.426025,20400.7760601,18,MathSAT
QF_Equality+NonLinearArith,QF_UFNRA,unsat,0.24552600000000002,0.245674,2,MathSAT
QF_FPArith,QF_ABVFP,sat,792.026523,789.155444,104,MathSAT
QF_FPArith,QF_ABVFP,starexec-unknown,5999.29,6000.29,5,MathSAT
QF_FPArith,QF_ABVFP,unsat,6097.347187,6026.2013391,491,MathSAT
QF_FPArith,QF_ABVFPLRA,sat,1213.0281659999998,1213.4121661000001,14,MathSAT
QF_FPArith,QF_ABVFPLRA,starexec-unknown,1.567407,1.5754119,11,MathSAT
QF_FPArith,QF_AUFBVFP,sat,2.26683,2.26714,1,MathSAT
QF_FPArith,QF_BVFP,sat,424.81048,424.3827337,195,MathSAT
QF_FPArith,QF_BVFP,starexec-unknown,9599.07,9600.39,8,MathSAT
QF_FPArith,QF_BVFP,unsat,3854.433898,3850.7403924,262,MathSAT
QF_FPArith,QF_BVFPLRA,sat,1385.167852,1385.5012242,35,MathSAT
QF_FPArith,QF_BVFPLRA,starexec-unknown,15598.75,15600.789999999999,13,MathSAT
QF_FPArith,QF_BVFPLRA,unsat,3239.144614,3239.9503889,21,MathSAT
QF_FPArith,QF_FP,sat,7827.831815,7829.8190669000005,140,MathSAT
QF_FPArith,QF_FP,starexec-unknown,81585.71,81602.8,68,MathSAT
QF_FPArith,QF_FP,unsat,11090.958461,11093.6705081,77,MathSAT
QF_FPArith,QF_FPLRA,sat,472.05645,472.09851899999995,45,MathSAT
QF_FPArith,QF_FPLRA,starexec-unknown,10798.41,10800.31,9,MathSAT
QF_FPArith,QF_FPLRA,unsat,1.12698,1.12702,1,MathSAT
QF_LinearIntArith,QF_IDL,sat,32224.803736,32155.2375603,421,MathSAT
QF_LinearIntArith,QF_IDL,starexec-unknown,554335.34,554420.71,462,MathSAT
QF_LinearIntArith,QF_IDL,unsat,12655.472067,12651.7491623,321,MathSAT
QF_LinearIntArith,QF_LIA,sat,103045.711928,102869.9882813,3832,MathSAT
QF_LinearIntArith,QF_LIA,starexec-unknown,313169.28,313212.48,261,MathSAT
QF_LinearIntArith,QF_LIA,unsat,137102.132912,136995.4937338,2126,MathSAT
QF_LinearIntArith,QF_LIRA,sat,0.190949,0.191054,1,MathSAT
QF_LinearIntArith,QF_LIRA,starexec-unknown,2399.77,2400.13,2,MathSAT
QF_LinearIntArith,QF_LIRA,unsat,8.021282000000001,8.0219181,4,MathSAT
QF_LinearRealArith,QF_LRA,sat,20780.614518,20775.4673998,297,MathSAT
QF_LinearRealArith,QF_LRA,starexec-unknown,125986.64,126004.87,105,MathSAT
QF_LinearRealArith,QF_LRA,unsat,17895.988064,17894.6437096,176,MathSAT
QF_LinearRealArith,QF_RDL,sat,1976.132016,1976.4916616,101,MathSAT
QF_LinearRealArith,QF_RDL,starexec-unknown,57595.04,57602.68,48,MathSAT
QF_LinearRealArith,QF_RDL,unsat,4924.578281,4924.0852724999995,98,MathSAT
QF_NonLinearIntArith,QF_NIA,sat,340987.60495,340263.79872,5573,MathSAT
QF_NonLinearIntArith,QF_NIA,starexec-unknown,4688845.05,4689785.819999999,3908,MathSAT
QF_NonLinearIntArith,QF_NIA,unsat,90457.126456,90132.5422864,2748,MathSAT
QF_NonLinearIntArith,QF_NIRA,starexec-unknown,1199.78,1200.02,1,MathSAT
QF_NonLinearIntArith,QF_NIRA,unsat,242.628,242.743,1,MathSAT
QF_NonLinearRealArith,QF_NRA,sat,12970.074206,12971.6365434,417,MathSAT
QF_NonLinearRealArith,QF_NRA,starexec-unknown,1636668.74,1636865.8399999999,1364,MathSAT
QF_NonLinearRealArith,QF_NRA,unsat,21930.958791,21854.2187329,1127,MathSAT
Arith,LIA,sat,6.088539,5.8671552,137,z3
Arith,LIA,unsat,4.730707,4.4770767,163,z3
Arith,LRA,sat,8177.991496,8175.7066434,378,z3
Arith,LRA,starexec-unknown,80396.89,80403.08,67,z3
Arith,LRA,unsat,33062.091326,33053.0279094,558,z3
Arith,NIA,sat,75.502786,75.4039977,60,z3
Arith,NIA,starexec-unknown,141010.3431,141024.9728,120,z3
Arith,NIA,unsat,241.04951400000002,241.0238069,28,z3
Arith,NRA,sat,0.071874,0.06657479999999999,3,z3
Arith,NRA,starexec-unknown,9376.856,9378.224,9,z3
Arith,NRA,unsat,293.483703,293.3492563,87,z3
Bitvec,BV,sat,2622.995282,2623.4431477,212,z3
Bitvec,BV,starexec-unknown,222931.636,222983.148,195,z3
Bitvec,BV,unsat,5089.103478,5051.9753691,563,z3
Equality,UF,sat,2231.926411,2231.9783962,61,z3
Equality,UF,starexec-unknown,2153846.5134,2154224.557,2379,z3
Equality,UF,unsat,12514.863147,12440.5573177,417,z3
Equality,UFDT,sat,2.273,2.249974,12,z3
Equality,UFDT,starexec-unknown,1221526.83509,1229413.56255,1309,z3
Equality,UFDT,unsat,3267.947736,3268.0213113,229,z3
Equality+LinearArith,ALIA,sat,0.04073,0.0389239,1,z3
Equality+LinearArith,ALIA,unsat,0.898707,0.8655269999999999,18,z3
Equality+LinearArith,AUFDTLIA,sat,1.835919,1.7508618,45,z3
Equality+LinearArith,AUFDTLIA,starexec-unknown,59397.003,59407.112,50,z3
Equality+LinearArith,AUFDTLIA,unsat,541.215692,541.1122863,93,z3
Equality+LinearArith,AUFDTLIRA,starexec-unknown,22417.136922,22977.1412454,563,z3
Equality+LinearArith,AUFDTLIRA,unsat,847.351597,841.3162185,3622,z3
Equality+LinearArith,AUFLIA,sat,553.043277,552.8907637,151,z3
Equality+LinearArith,AUFLIA,starexec-unknown,381903.731,382953.47599999997,356,z3
Equality+LinearArith,AUFLIA,unsat,4060.592921,4059.5099067,1131,z3
Equality+LinearArith,AUFLIRA,sat,126.269045,124.670276,11,z3
Equality+LinearArith,AUFLIRA,starexec-unknown,101448.250206,101465.961349,116,z3
Equality+LinearArith,AUFLIRA,unsat,83.227051,80.4886493,1556,z3
Equality+LinearArith,UFDTLIA,starexec-unknown,254522.9487,258023.8154,239,z3
Equality+LinearArith,UFDTLIA,unsat,394.683363,394.7532187,38,z3
Equality+LinearArith,UFDTLIRA,sat,490.510245,489.49937830000005,582,z3
Equality+LinearArith,UFDTLIRA,starexec-unknown,447314.81557,447386.92373,376,z3
Equality+LinearArith,UFDTLIRA,unsat,141.14300599999999,137.0448128,2171,z3
Equality+LinearArith,UFIDL,sat,0.07731299999999999,0.07347699999999999,2,z3
Equality+LinearArith,UFIDL,starexec-unknown,7472.372,7473.602,9,z3
Equality+LinearArith,UFIDL,unsat,0.653359,0.6379871,9,z3
Equality+LinearArith,UFLIA,sat,0.918244,0.9075048,6,z3
Equality+LinearArith,UFLIA,starexec-unknown,1327128.0806,1337060.591,1450,z3
Equality+LinearArith,UFLIA,unsat,5261.795079,5258.0441017,1392,z3
Equality+LinearArith,UFLRA,sat,928.07053,928.25584,4,z3
Equality+LinearArith,UFLRA,starexec-unknown,1199.81,1200.02,1,z3
Equality+LinearArith,UFLRA,unsat,0.038468,0.034814899999999996,2,z3
Equality+MachineArith,ABV,sat,55.454348,55.3367399,67,z3
Equality+MachineArith,ABV,starexec-unknown,84219.1648,84229.8577,79,z3
Equality+MachineArith,ABV,unsat,407.65701199999995,407.6870058,23,z3
Equality+MachineArith,ABVFP,sat,25.416821,25.374183499999997,23,z3
Equality+MachineArith,ABVFP,starexec-unknown,5999.07,6000.29,5,z3
Equality+MachineArith,ABVFP,unsat,0.078653,0.0749349,2,z3
Equality+MachineArith,ABVFPLRA,sat,3.734984,3.6484623999999997,45,z3
Equality+MachineArith,ABVFPLRA,starexec-unknown,31198.682828,31203.679238999997,28,z3
Equality+MachineArith,ABVFPLRA,unsat,1071.9288,1072.03698,2,z3
Equality+MachineArith,AUFBV,sat,3403.423713,3404.2198561,73,z3
Equality+MachineArith,AUFBV,starexec-unknown,612948.38444,613064.1489489999,559,z3
Equality+MachineArith,AUFBV,unsat,15067.904276000001,15050.9886847,129,z3
Equality+MachineArith,AUFBVDTLIA,sat,1303.433278,1303.4135526,59,z3
Equality+MachineArith,AUFBVDTLIA,starexec-unknown,667327.171428,667537.4123589,592,z3
Equality+MachineArith,AUFBVDTLIA,unsat,777.123208,777.0578101,91,z3
Equality+MachineArith,AUFBVDTNIA,starexec-unknown,4858.1345,4858.8025,6,z3
Equality+MachineArith,AUFBVDTNIA,unsat,0.075228,0.0714838,2,z3
Equality+MachineArith,AUFBVDTNIRA,starexec-unknown,781264.137332,789508.9083861,694,z3
Equality+MachineArith,AUFBVDTNIRA,unsat,7781.084084,7755.4656819,368,z3
Equality+MachineArith,AUFBVFP,sat,38.514959999999995,38.514179999999996,2,z3
Equality+MachineArith,AUFBVFP,starexec-unknown,55531.764857,55546.780961,51,z3
Equality+MachineArith,AUFBVFP,unsat,828.16144,828.3497500000001,4,z3
Equality+MachineArith,AUFFPDTNIRA,starexec-unknown,9605.672385,9607.7481088,28,z3
Equality+MachineArith,AUFFPDTNIRA,unsat,657.295261,657.28486,131,z3
Equality+MachineArith,UFBV,sat,130.77530000000002,130.7461954,32,z3
Equality+MachineArith,UFBV,starexec-unknown,49011.91,49019.767,42,z3
Equality+MachineArith,UFBV,unsat,1483.203942,1483.3177713,69,z3
Equality+MachineArith,UFBVFP,starexec-unknown,2399.6000000000004,2400.12,2,z3
Equality+MachineArith,UFBVLIA,starexec-unknown,244760.11,244809.68,204,z3
Equality+MachineArith,UFBVLIA,unsat,643.555983,643.671553,4,z3
Equality+MachineArith,UFFPDTNIRA,sat,1518.902415,1498.2774789,35,z3
Equality+MachineArith,UFFPDTNIRA,starexec-unknown,43322.505565,43330.929766,62,z3
Equality+MachineArith,UFFPDTNIRA,unsat,10116.517067,10061.9436853,299,z3
Equality+NonLinearArith,AUFDTNIRA,starexec-unknown,190519.638581,190838.481448,163,z3
Equality+NonLinearArith,AUFDTNIRA,unsat,777.1482159999999,776.4218374,599,z3
Equality+NonLinearArith,AUFNIA,starexec-unknown,3598.9400000000005,3600.0699999999997,3,z3
Equality+NonLinearArith,AUFNIRA,sat,0.084927,0.0776239,4,z3
Equality+NonLinearArith,AUFNIRA,starexec-unknown,215101.31132,218609.56743,268,z3
Equality+NonLinearArith,AUFNIRA,unsat,401.436367,401.4120337,28,z3
Equality+NonLinearArith,UFDTNIA,unsat,0.254726,0.252748,1,z3
Equality+NonLinearArith,UFDTNIRA,sat,4.126701,4.0985164,15,z3
Equality+NonLinearArith,UFDTNIRA,starexec-unknown,228942.93014,228981.09156499998,220,z3
Equality+NonLinearArith,UFDTNIRA,unsat,778.599857,775.1360923,1914,z3
Equality+NonLinearArith,UFNIA,sat,6308.948569,6301.5160663,608,z3
Equality+NonLinearArith,UFNIA,starexec-unknown,2806331.764849,2807636.1724199997,3512,z3
Equality+NonLinearArith,UFNIA,unsat,18890.647898,18875.3535624,2158,z3
FPArith,BVFP,sat,1238.215729,1238.1355314,165,z3
FPArith,BVFP,starexec-unknown,29539.30162,29546.18979,28,z3
FPArith,BVFP,unsat,903.8108500000001,903.8703499999999,12,z3
FPArith,BVFPLRA,sat,2493.898866,2492.9259186,184,z3
FPArith,BVFPLRA,starexec-unknown,18028.3593,18032.3559,16,z3
FPArith,BVFPLRA,unsat,226.29830900000002,226.3177749,9,z3
FPArith,FP,sat,24438.6447,24442.8864,85,z3
FPArith,FP,starexec-unknown,240011.77196,240064.40269999998,205,z3
FPArith,FP,unsat,38020.935801,37954.2947515,1044,z3
FPArith,FPLRA,sat,1050.174768,1021.4814692,55,z3
FPArith,FPLRA,starexec-unknown,20396.09,20400.98,17,z3
FPArith,FPLRA,unsat,1190.2980830000001,1190.501658,15,z3
QF_Bitvec,QF_BV,sat,175346.040788,175111.5594405,2808,z3
QF_Bitvec,QF_BV,starexec-unknown,1512723.03,1512990.706,1261,z3
QF_Bitvec,QF_BV,unsat,210930.865846,210844.9710365,4395,z3
QF_Datatypes,QF_DT,sat,25476.6221,25478.9049,41,z3
QF_Datatypes,QF_DT,starexec-unknown,113990.06,114003.87,95,z3
QF_Datatypes,QF_DT,unsat,34203.52529,34207.21422,65,z3
QF_Datatypes,QF_UFDT,sat,4011.4752,4011.9984,7,z3
QF_Datatypes,QF_UFDT,starexec-unknown,118792.62,118804.98,99,z3
QF_Datatypes,QF_UFDT,unsat,33816.9363,33820.505,94,z3
QF_Equality,QF_AX,sat,6.096834,5.871693,131,z3
QF_Equality,QF_AX,unsat,19.347335,19.0745157,169,z3
QF_Equality,QF_UF,sat,171.535532,164.3656621,1429,z3
QF_Equality,QF_UF,starexec-unknown,2399.92,2400.08,2,z3
QF_Equality,QF_UF,unsat,5119.384624,5100.7372642,2062,z3
QF_Equality+Bitvec,QF_ABV,sat,15873.09134,15874.9514357,1100,z3
QF_Equality+Bitvec,QF_ABV,starexec-unknown,119985.12,120004.75,100,z3
QF_Equality+Bitvec,QF_ABV,unsat,11183.424762,11130.4480589,630,z3
QF_Equality+Bitvec,QF_AUFBV,sat,399.534664,399.59153299999997,7,z3
QF_Equality+Bitvec,QF_AUFBV,starexec-unknown,19464.701,19469.744,17,z3
QF_Equality+Bitvec,QF_AUFBV,unsat,830.98428,831.18484,14,z3
QF_Equality+Bitvec,QF_UFBV,sat,7535.980938000001,7509.464768,146,z3
QF_Equality+Bitvec,QF_UFBV,starexec-unknown,40793.37,40802.11,34,z3
QF_Equality+Bitvec,QF_UFBV,unsat,19039.563158,19042.52527,120,z3
QF_Equality+LinearArith,QF_ALIA,sat,1616.840065,1616.9200412,54,z3
QF_Equality+LinearArith,QF_ALIA,starexec-unknown,1199.95,1200.03,1,z3
QF_Equality+LinearArith,QF_ALIA,unsat,117.445794,117.365041,61,z3
QF_Equality+LinearArith,QF_AUFLIA,sat,6.139522,5.7031997,262,z3
QF_Equality+LinearArith,QF_AUFLIA,unsat,13.427363999999999,13.007058,277,z3
QF_Equality+LinearArith,QF_UFDTLIRA,sat,0.216457,0.2063859,5,z3
QF_Equality+LinearArith,QF_UFDTLIRA,unsat,0.138933,0.1312341,4,z3
QF_Equality+LinearArith,QF_UFIDL,sat,1444.273542,1443.3648179,70,z3
QF_Equality+LinearArith,QF_UFIDL,starexec-unknown,47996.46,48001.979999999996,40,z3
QF_Equality+LinearArith,QF_UFIDL,unsat,15632.028158,15620.2373106,190,z3
QF_Equality+LinearArith,QF_UFLIA,sat,34.848546999999996,34.4653704,238,z3
QF_Equality+LinearArith,QF_UFLIA,unsat,111.089832,108.008006,62,z3
QF_Equality+LinearArith,QF_UFLRA,sat,711.512158,710.1172537,313,z3
QF_Equality+LinearArith,QF_UFLRA,starexec-unknown,10797.53,10800.5,9,z3
QF_Equality+LinearArith,QF_UFLRA,unsat,192.196485,191.8401048,219,z3
QF_Equality+NonLinearArith,QF_ANIA,sat,2420.369377,2420.7033438,32,z3
QF_Equality+NonLinearArith,QF_ANIA,starexec-unknown,67188.24,67202.41,56,z3
QF_Equality+NonLinearArith,QF_ANIA,unsat,203.877976,203.8940758,14,z3
QF_Equality+NonLinearArith,QF_AUFNIA,sat,2.36815,2.36693,1,z3
QF_Equality+NonLinearArith,QF_AUFNIA,starexec-unknown,1199.89,1200.03,1,z3
QF_Equality+NonLinearArith,QF_AUFNIA,unsat,1.125018,1.114496,7,z3
QF_Equality+NonLinearArith,QF_UFNIA,sat,45.316768,45.025354,173,z3
QF_Equality+NonLinearArith,QF_UFNIA,starexec-unknown,7199.3,7200.16,6,z3
QF_Equality+NonLinearArith,QF_UFNIA,unsat,6.123984,4.9350303,70,z3
QF_Equality+NonLinearArith,QF_UFNRA,sat,854.4298259999999,845.8419710000001,23,z3
QF_Equality+NonLinearArith,QF_UFNRA,starexec-unknown,2399.95,2400.0699999999997,2,z3
QF_Equality+NonLinearArith,QF_UFNRA,unsat,0.327504,0.323923,2,z3
QF_FPArith,QF_ABVFP,sat,4988.5282959999995,4990.0221951,101,z3
QF_FPArith,QF_ABVFP,starexec-unknown,52895.267,52906.148,45,z3
QF_FPArith,QF_ABVFP,unsat,35480.048222,35417.8166228,454,z3
QF_FPArith,QF_ABVFPLRA,sat,4300.111248,4300.976855999999,15,z3
QF_FPArith,QF_ABVFPLRA,starexec-unknown,7198.99,7200.29,6,z3
QF_FPArith,QF_ABVFPLRA,unsat,830.2306,830.2207,4,z3
QF_FPArith,QF_AUFBVFP,sat,89.2122,89.2917,1,z3
QF_FPArith,QF_BVFP,sat,1811.48756,1811.5266442,195,z3
QF_FPArith,QF_BVFP,starexec-unknown,10421.228,11594.687,10,z3
QF_FPArith,QF_BVFP,unsat,7619.414017,7620.5665778,260,z3
QF_FPArith,QF_BVFPLRA,sat,560.879638,560.894804,35,z3
QF_FPArith,QF_BVFPLRA,starexec-unknown,12460.937,12462.246,11,z3
QF_FPArith,QF_BVFPLRA,unsat,6640.37681,6641.58658,23,z3
QF_FPArith,QF_FP,sat,16222.441759,16223.840886,115,z3
QF_FPArith,QF_FP,starexec-unknown,100944.865,110213.788,100,z3
QF_FPArith,QF_FP,unsat,11558.447119999999,11556.80085,70,z3
QF_FPArith,QF_FPLRA,sat,4010.31133,4011.19307,42,z3
QF_FPArith,QF_FPLRA,starexec-unknown,13870.376,13874.207,12,z3
QF_FPArith,QF_FPLRA,unsat,0.050573,0.048804,1,z3
QF_LinearIntArith,QF_IDL,sat,34221.346016999996,34222.6434223,638,z3
QF_LinearIntArith,QF_IDL,starexec-unknown,219587.28868,219617.9122079,204,z3
QF_LinearIntArith,QF_IDL,unsat,28430.134682,28373.8280113,362,z3
QF_LinearIntArith,QF_LIA,sat,82709.915569,82471.5464342,3801,z3
QF_LinearIntArith,QF_LIA,starexec-unknown,668257.1,668353.858,558,z3
QF_LinearIntArith,QF_LIA,unsat,133912.935165,133693.039206,1860,z3
QF_LinearIntArith,QF_LIRA,sat,0.292421,0.290645,1,z3
QF_LinearIntArith,QF_LIRA,starexec-unknown,1199.94,1200.11,1,z3
QF_LinearIntArith,QF_LIRA,unsat,76.43908800000001,76.4376381,5,z3
QF_LinearRealArith,QF_LRA,sat,20341.914689,20331.6503767,318,z3
QF_LinearRealArith,QF_LRA,starexec-unknown,69592.63,69602.83,58,z3
QF_LinearRealArith,QF_LRA,unsat,18107.40925,18109.2715365,202,z3
QF_LinearRealArith,QF_RDL,sat,2920.656456,2920.8867372,98,z3
QF_LinearRealArith,QF_RDL,starexec-unknown,49192.57,49201.659999999996,41,z3
QF_LinearRealArith,QF_RDL,unsat,2625.630953,2605.1016687,108,z3
QF_NonLinearIntArith,QF_NIA,sat,392826.24623,392155.5592921,6311,z3
QF_NonLinearIntArith,QF_NIA,starexec-unknown,3572915.631,3573425.0039999997,2983,z3
QF_NonLinearIntArith,QF_NIA,unsat,182123.386034,181893.4786867,2935,z3
QF_NonLinearIntArith,QF_NIRA,starexec-unknown,1200.03,1200.02,1,z3
QF_NonLinearIntArith,QF_NIRA,unsat,3.19412,3.19271,1,z3
QF_NonLinearRealArith,QF_NRA,sat,10838.790663,10838.376818300001,1229,z3
QF_NonLinearRealArith,QF_NRA,starexec-unknown,646820.261,646938.7949999999,633,z3
QF_NonLinearRealArith,QF_NRA,unsat,9217.378531,9181.4740775,1046,z3
QF_Strings,QF_S,sat,146.167541,145.5864248,368,z3
QF_Strings,QF_S,starexec-unknown,5998.84,6000.13,5,z3
QF_Strings,QF_S,unsat,6.38902,6.1002841,172,z3
QF_Strings,QF_SLIA,sat,161774.891629,161206.9641046,10115,z3
QF_Strings,QF_SLIA,starexec-unknown,1077416.53,1077644.4,898,z3
QF_Strings,QF_SLIA,unsat,5461.789074,5444.9893449,4130,z3
QF_Strings,QF_SNIA,sat,2.676295,2.544675,70,z3
QF_NonLinearIntArith,QF_NIA,sat,545888.472486,545376.4167748,6781,41384
QF_NonLinearIntArith,QF_NIA,starexec-unknown,2501963.018,2502203.402,2247,41384
QF_NonLinearIntArith,QF_NIA,unsat,43910.673137,43765.7748984,3201,41384
QF_NonLinearRealArith,QF_NRA,sat,30024.587431,29945.42581,1340,41384
QF_NonLinearRealArith,QF_NRA,starexec-unknown,319413.368,319446.334,267,41384
QF_NonLinearRealArith,QF_NRA,unsat,30096.134108,30045.098828,1301,41384
QF_Equality,QF_AX,sat,23.730817,23.9176583,131,41416
QF_Equality,QF_AX,unsat,430.466676,415.3205187,169,41416
QF_Bitvec,QF_BV,sat,51340.343597,51195.6600763,3081,41417
QF_Bitvec,QF_BV,starexec-unknown,215978.649887,216009.2059959,181,41417
QF_Bitvec,QF_BV,unsat,66183.291014,66052.6796774,5202,41417
QF_NonLinearIntArith,QF_NIA,sat,463366.334394,462959.7646727,6904,41418
QF_NonLinearIntArith,QF_NIA,starexec-unknown,2951176.6846,2951123.9773,2470,41418
QF_NonLinearIntArith,QF_NIA,unsat,204867.834393,204690.0273911,2855,41418
Equality+LinearArith,ALIA,sat,0.705365,0.443092,1,41484
Equality+LinearArith,ALIA,unsat,110.63081,39.490982,18,41484
Equality+LinearArith,AUFDTLIA,sat,1010.7470940000001,974.769409,2,41484
Equality+LinearArith,AUFDTLIA,starexec-unknown,44922.17568,43104.684617,99,41484
Equality+LinearArith,AUFDTLIA,unsat,1663.88232,875.636862,87,41484
Equality+LinearArith,AUFDTLIRA,starexec-unknown,1249806.36288,1092897.87809,1089,41484
Equality+LinearArith,AUFDTLIRA,unsat,30819.167812,20921.211684,3096,41484
Equality+LinearArith,AUFLIA,sat,55.384571,34.999615,79,41484
Equality+LinearArith,AUFLIA,starexec-unknown,703524.78466,534391.04692,530,41484
Equality+LinearArith,AUFLIA,unsat,22649.917513,18733.535278,1029,41484
Equality+LinearArith,AUFLIRA,starexec-unknown,670469.95614,427718.25743399997,377,41484
Equality+LinearArith,AUFLIRA,unsat,22058.317191000002,19882.451629,1306,41484
